id,mode,scene,hierarchy,source_sha256,source_utf16_length,translation,review_status
il_3c38754b35b9a998,exact,*,*,af3bee26e96a408e4687a66322e2032a7f7762a3a3f5e482498905c80e93bfc4,18,"
简易模式已关闭。",approved
il_d4d566eb17cbfc72,exact,*,*,135653f7244508a6454ee2297cf547e72d4b0800c3ea06714317a89a5aee1a8b,17,"
简易模式已开启。",approved
dialogue_map8_0017,exact,*,*,ab5df625bc76dbd4e163bed2dd888df828f90159bb93556525c31821b6541d46,3,……,approved
level_10_flavorText,exact,*,*,cc4c1c1c307c5697d35977b7140b0585805532b3c09d0134273a6118ddad5524,27,……看看她发现了什么。,approved
level_04_flavorText,exact,*,*,0d34d40a56d8df0c4e1041007a4dd4d715f0ecc36218b42b11ada3baceb30dad,19,……如果我是一条蠕龙？,approved
level_07_flavorText,exact,*,*,7602b1a28c371d4feb6c766a6f3052e820914ad75b4a397e40caa75af30ed8b7,46,……比特权的选择更有价值。,approved
dialogue_map11_0010,exact,*,*,ac32743f5560b33b04fc3c0c02f7555d0faa6758cfc03072677bc314873845cd,66,<i>那是</i>伊克斯？！蒂尔德……你一路追的就是这个东西？,approved
character_???,exact,*,*,a03b221c6c6eae7122ca51695d456d5222e524889136394944b2f9763b483615,3,？？？,approved
il_a54d85eefbc6b46d,exact,*,*,0c97c00699ad8bbc763a08dceb1e49c9a06b9f8998f4a4956636556ae10b0028,29,单位独有的被动技能。,approved
dialogue_map3_0038,exact,*,*,d3f27745cecde1d6862cca7716f991d7db6c6fa0b4266c576b9faf8b72ea09e1,23,啊啊啊啊啊啊啊啊啊啊！,approved
dialogue_map5_0016,exact,*,*,8e6796237baa5176649828047ee9619b1994871786bf401241d1b50f68e32636,17,啊啊啊，我的眼睛！,approved
il_e3886c3865886799,exact,*,*,de9ef1d0a6981ca4c8873ad14c332f9348d6ec86befc4701e34ab9714c8db4a5,46,ACC 用于决定攻击是否命中。,approved
il_cfd692d02238cbf5,exact,*,*,45fc7ab6848020abf6f0036c08968230fcb82e050e19d51026c20da36cff1bee,34,AER 用于造成魔法伤害。,approved
dialogue_map3_0031,exact,*,*,09e8ffbdda3b094ab9ecc7cc80fa035f7e5a391402770fae87506331901cec8c,25,哈哈哈哈哈哈哈哈哈哈哈哈！,approved
term_ARCHMAGE,exact,*,*,beffa72373dd69dbb0b848eef7b391cb45e918c660fa2bb1d5b18812e84a15c2,8,ARCHMAGE,approved
il_ca8d2953ca62d5b0,exact,*,*,869c4a0a5b08ce15e329e8fef8b412c29c19ccf407e18d434bf9769a71992e30,35,ATK 用于造成物理伤害。,approved
il_6dc36c988813e038,exact,*,*,447532b527be8a1224eba05d798c0d0b128dda5c4499ef07feaaadac5c7d38c1,47,AVO 用于决定攻击是否落空。,approved
dialogue_map8_0008,exact,*,*,b76e148c2984ce392cb7845a0311bd7dc5dd39eef95a59a2b565b8fc7c4f1885,5,啊！,approved
il_e299251dc299254d,exact,*,*,f4b2cbd25f5d60d171635023531a0934275bff53c42f7f520378b0f2e2af8d93,55,饰品会提升属性，并可能拥有被动技能。,approved
dialogue_map11_0007,exact,*,*,907c5eb693ce059d4b451245ec4d3f0053abbe5164094043c6a449bcfcf4ab01,66,啊哈！蒂尔德！我的小女巫，这本书待你怎么样？,approved
dialogue_map5_0013,exact,*,*,575198dc8478056adbfbae5be45b4ed473d8709d4c96a1d918d65c55d223757d,166,啊，用这种方式施法，让我想起巅峰时期了。不过先专心对着水晶。记住法力流动的感觉。深呼吸，集中精神。,approved
dialogue_map9_0010,exact,*,*,929da1c0644f308840502ac2f5685ceba090a852141384f3679c860e2678c0c3,252,啊……难怪你这么适合侦察这些遗迹。那听起来很疏忽……他们就不担心你在树林里遇到什么吗？尤其是你还不知道怎么使用魔法……至少有监护人陪着你吗？,approved
dialogue_map3_0021,exact,*,*,00ff6c8a4521e7835663b42d30c7aefaa0f9c8525faf772707f04f6b2e157e39,60,我只要替你解开这本书的锁链？,approved
dialogue_map6_0003,exact,*,*,3642255e10cbac64aabaa030c4319aa1336de4a47359038e2ca2400e283cdf92,133,那些小冒险家，一个个胆大又天真。这本书不是孩子该来的地方，蒂尔德。你不该来这里。,approved
dialogue_map1_0008,exact,*,*,0a6b922621528e3d6405f218908d5d1bfdfea014aca5e19a4e110464c3d33586,122,学校里的大人都说我有‘魔法障碍’，其他人都说我笨。我来这里是要自己解决这个问题。,approved
dialogue_map2_0016,exact,*,*,b6bba6dd7fa06e552ffc4759b53fcd63c54810b4ad40a69f1c19d5259dc9c8ef,45,好吧，那下一间见。,approved
il_2366ef63760bef0a,exact,*,*,4d8357a012e7ce000781115d20bda7da7f015976d330b922005eafa6b1bff0fc,26,有其他地图可用！,approved
il_4bdab065123a7733,exact,*,*,dcb96a246a0272dc3f7bb777cb7aa073b4056d2aef0e6b02d10e6dbb8b631dfb,44,与装备武器绑定的主动技能。,approved
collectible_meta_14_shortName,exact,*,*,f8b10ac1b7ed01e966a724110c8582bbe60473b5221ab44db0f1f4abfb54648d,12,古代技术,approved
collectible_meta_14_inGameName,exact,*,*,665cca69024834013fecad80fb9fb4e806bfe8ac9f525b0982db07c093ba5b1e,31,羊皮纸上的古代技术笔记,approved
dialogue_map4_0018,exact,*,*,f5f717dc3232b84b40e66f39e720daa4ecccb07d6524b8a7bbb9593836cbb020,66,你从头到尾都没怀疑过这情况不正常吗？,approved
dialogue_map9_0006,exact,*,*,a9f3ce9d9cb39204d6a59e1dc03695c4362ef5f791fb0be1bb31cae11b3dcd4c,145,你妈妈总是出去找食物，有一天你不小心走丢了，再也没见过她。今天就是我们找到她的日子！,approved
collectible_meta_07_inGameName,exact,*,*,5357f829e4287033ff3f6b23e93bf2e561203140f1722ed309977c9eb9ae1bc4,18,带注释的魔法书,approved
dialogue_map3_0012,exact,*,*,38cc815bafaa369df582729806f9666f213afdb1f523fbeca4745e670140fcf4,38,你就是伊克斯说的那本书？,approved
il_3be49c2625c4032c,exact,*,*,ca14c3c25f9506c88ff8e25facb2a43216eedb4d536a1eae09616fb28100edb2,37,护甲会提升 DEF/RES/ACC/AVO/CRIT。,approved
level_02_flavorText,exact,*,*,f3f80d1f0e6bc6096fc2c84ba7d9936c17b4a112fe4ab577fd3638e49d03fd41,83,与高难度读物相反。就是你本该读的那些课本。,approved
collectible_meta_11_shortName,exact,*,*,5118f76d9067edc593d6946b88693cefa6604c7e613111193db118166d4af589,8,背包,approved
collectible_meta_08_shortName,exact,*,*,4a963bc2fea4ae355ebe5a7266df9062035f125931c4b7022bf306367c2f526b,8,怪物图鉴,approved
level_09_levelName,exact,*,*,e8d0756367397bca95e9d75276fa497f52ca8f1d23e722b8b071e2c7a8e35fe7,21,读得好，死不了,approved
dialogue_map4_0005,exact,*,*,764eea6227a48a5a0eb8ef384919f1d982d21bd4b5f27f8989db6525ba33a082,15,呕呕呕呕……,approved
level_13_levelName,exact,*,*,49f287879affcaf1e82dd6858d3feb2728da82711fa7fdb95d3a2a269569e3de,10,拔腿就跑,approved
dialogue_map4_0032,exact,*,*,458e8cf6a9cd8472d1d5bcb013c39f75cf78e21569ff8187834a1bcdb125a358,112,太好了！谢谢你，蒂尔德！接下来一直往前，找到能把我们传送出去的符印。,approved
collectible_meta_01_inGameName,exact,*,*,f51830f2e15cfc1a260906f2c17ee9304f382fe3053dec9776dbff04c75a924e,8,宣传册,approved
dialogue_map5_0004,exact,*,*,ce193ab77552d2ec11ada4bc5e424fa7407e2403cf4cf84b16a89df864182226,123,可我不擅长魔法。这些像学校里的训练灯泡，只是更老的版本。不会有用的。,approved
dialogue_map7_0011,exact,*,*,09a4e0377b8fa68a65a9ecae13ebcf4db93d3bb5f08877df35782bf4679e3ccf,92,不过等我回家，也许可以去某个有很多路灯和酒馆的地方露营。,approved
il_31b97c1a1813ef0f,exact,*,*,a9d43249d2bd7fb53831e93c604db340d73bf657cf3fe9a5004e1c10e828d0e8,62,CRIT 表示单位发动暴击的概率。,approved
dialogue_map3_0006,exact,*,*,44c6aa314f5ff0c40c37dac11ec0d4e3a791d26025ef68ad4d7e06a9f58614e6,24,聪明的直觉，孩子。,approved
il_c89130a87907d6ab,exact,*,*,2c0e7663426818fef5c3271274ba6986bf078c2305e8fa39bd435ae515c3de7c,17,收集全部笔记,approved
il_24ec443f9c52a7bc,exact,*,*,d51b364f393fc835b1481aabd862e83a523d8f2baee0a80d9e412908d88f6156,18,完成关卡,approved
il_df28ee4f503bbcdc,exact,*,*,c4e510a9090fbec65d8801436f57478e8a25aa5bde238956fa071c5bfab43977,37,DEF 用于降低物理伤害。,approved
collectible_meta_11_inGameName,exact,*,*,afbdf9291a5acb8c93e7956424aa25e16d346ccdcac37f025aa5b812701a609c,23,死去学生的背包,approved
il_8d42077ce6eb1d87,exact,*,*,5c90dc98e5513fff72817b4dbbc5bf329f192f0f8f1e73d6cbb1e783d4ac8059,18,调试模式已关闭。,approved
il_f3cfec887d3894ae,exact,*,*,4f3925384368d193c83c925ecb71de40e3db29faee4f2954a27b51f7af8127a9,17,调试模式已开启。,approved
level_12_levelName,exact,*,*,a9f01ea26ceb65d96c4a7fde03c73f9ec11e3a2779eff2ff82834d713de5eeda,22,杜威死亡分类法,approved
collectible_meta_02_shortName,exact,*,*,ecaa4e37830a9fac31e2f2c57efe1917b090fae316218833fba04a1654d46524,12,日记页 1,approved
collectible_meta_02_inGameName,exact,*,*,81893095ffb809fe4af2d0355f2ed509469b31426c88d269ac6b86d88036afae,23,日记页 1：酸面团,approved
collectible_meta_03_shortName,exact,*,*,099dd821d01553a01a0ca0b0bd682a9cdb148c4744dccb2c48f7cbeb384412db,12,日记页 2,approved
collectible_meta_03_inGameName,exact,*,*,e4bd2505555c86dc55f5831d083a127560e18de5da2f42013d1a9d38990a6135,25,日记页 2：餐具套装,approved
collectible_meta_04_shortName,exact,*,*,1f92921fad6b067a5cd2aefab904bcb29a71929cafa9ae21362c2bf6c8f1d31f,12,日记页 3,approved
collectible_meta_04_inGameName,exact,*,*,62f431a7aad112d8f45eb2bdf1a137a55cde96761ec34413c3c1007a878ab051,33,日记页 3：常年泥土芬芳,approved
collectible_meta_05_shortName,exact,*,*,26ff00dd1e20ab3d5cf253af7c8db0db42ec38e4c477753cbece8155999eee11,12,日记页 4,approved
collectible_meta_05_inGameName,exact,*,*,052b837a4da1625a8f764d7dfbfbe05f38a3c6cf1f6747c06f9d0c26fecbe6d7,30,日记页 4：储藏难题,approved
collectible_meta_06_shortName,exact,*,*,36b307485e4af7bfa12111c267952bb239d84b49844ea32a66120c8273b504a2,12,日记页 5,approved
collectible_meta_06_inGameName,exact,*,*,ace7fd811ea7d239c803d3827f41a0a6ea3788a6376e5b04022ea930c4480fac,28,日记页 5：苔藓与树木,approved
collectible_meta_10_shortName,exact,*,*,d5506956a95d25f37263f76acb5fda53bbbcbff1caa4309fd06f7c17d2df3836,12,日记页 6,approved
collectible_meta_10_inGameName,exact,*,*,a5528145f24386ec102e0c50098800bc5b9e25dd37cb5ea4e352e090a786a287,27,日记页 6：进一步记录,approved
collectible_meta_12_shortName,exact,*,*,9a2a13147653ec201404ffb43489c01766b75527b8d9821eea8b306378678bb7,12,日记页 7,approved
collectible_meta_12_inGameName,exact,*,*,696da36f675d5ef87be4c62a657828178ea5776a1c94a0f67f1f073cb83b01e0,35,日记页 7：铭文笔记,approved
collectible_meta_13_shortName,exact,*,*,00af4bfc7d2509e082e4441cd3db2546b5db430b09dc013a7daf2d7ec5727dbd,12,日记页 8,approved
collectible_meta_13_inGameName,exact,*,*,6eed2d977b45c8cce0199547e7a1c2f9f59265b2903cbe6a32251e7b72393864,36,日记页 8：官僚余波,approved
collectible_meta_16_shortName,exact,*,*,591385c22869df94955d6b05668d0677de783c0f9e8d1e353fce811eeccaef0a,12,日记页 9,approved
collectible_meta_16_inGameName,exact,*,*,b64d04d1c007fba6da674561327a15b252ace5c77838a1acf765dec91b32c2fa,34,日记页 9：他为什么就不能听！,approved
dialogue_map2_0009,exact,*,*,e946a9cea01d1507ab7795d736fd4ab5c2ccdc064aaf5d80e830d748a7587f2f,20,你有灯吗？,approved
dialogue_map1_0014,exact,*,*,8136d421d184d35aa89ca5575e4680caa511cf9ccd94342cc79b816f62f61511,63,别担心。真有什么东西威胁我，我带了支笔。,approved
level_01_levelName,exact,*,*,8022c5280112c8427e9d6f8a8b2b7408973473823957cce26e839cf81538f3a7,15,失<i>咒</i>症,approved
term_Erratum,exact,*,*,4066060364e27e5be30e5e6718054b7d383699d0c95995b2b964b0cab56b4880,7,Erratum,approved
dialogue_map0_0006,exact,*,*,b8ce6bbb586d7300e04511cc106e12257823ffd1e205d5bf9b56dc209e8d520d,29,打扰一下，穿紫色衣服的那位！,approved
dialogue_map6_0006,exact,*,*,4e53482fbfca4013be87add9a0c7b07ba0ee33a612654b72898bb46ff27ea759,118,你说什么！想都别想。我绝不会故意把任何人引向死亡，更何况还是孩子！,approved
dialogue_map1_0024,exact,*,*,52f3a3162cb98aa115ecb0b87f950a19784192b6690e7bd852a4baa1f93a26b2,9,火球！,approved
dialogue_map0_0013,exact,*,*,f0600c0a6faf7cb6a5c01e2a73b70ee428bcfbff1ec2c007dad0a906f26af938,117,先试着走动起来！（可以用 WASD 移动，也可以在设置里使用屏幕控制。）,approved
dialogue_map7_0008,exact,*,*,664de8f1b175224ade8f2031be871e8d8cdbecd7e74f4b879a1ea421eefd8e04,157,很长一段时间里，我的笼子保护我不受野兽侵扰，但锁具生锈坏掉了。我被困在那里，直到你出现。,approved
term_Forbidden section,exact,*,*,c156f267ca4ae2fd271dab9f02184b63eaddce14926984e131078dc68504fff8,17,禁书区,approved
dialogue_map11_0044,exact,*,*,69f8178fb31125ebe42914c44691692c6fe052634d2e7f4356f13c1609483e46,4,快走！！,approved
dialogue_map0_0018,exact,*,*,90a074f1dd61e9759c7f4b7d18c428a38a08e5b3dac294abb135034e8b8afa60,92,观察得不错。这间屋子里你只需要知道这些。下一间见！,approved
collectible_meta_07_shortName,exact,*,*,ed732decaf98b870aa53ff7a03bf2fc76905de8a0f877bf11a591694ff67e592,8,魔法书,approved
dialogue_map11_0021,exact,*,*,9cc31f92305837feeef2e662ad5d0b3c2e39603205984b31f9e0ad3210c742ae,13,喂！起来！！,approved
dialogue_map9_0005,exact,*,*,59db37d777aca3747ddfa0d06fcdeb0c21dcf9e34d65154d6a0ef33626eecf59,34,哈哈……这确实是一种说法。,approved
dialogue_map9_0007,exact,*,*,2bdb046841a838eed4f72ce162e2ac59462252f89bbc2f95033bcbdacb55df30,12,哈哈哈哈……,approved
dialogue_map11_0022,exact,*,*,716b2147f9791901c2f49bc4cb2e1824c1ffd016d84c1cfa3e30323c26b94975,7,嘿嘿……,approved
dialogue_map11_0005,exact,*,*,9fc60ec9620ded8416875d2fadabb8fcb2b9232015fc9846a3877f320c0c8ced,13,嘿嘿嘿嘿……,approved
dialogue_map3_0004,exact,*,*,02f2f036ca8c172bbc3280ed5b16a1a0ae1196aa25609377b1b30618b7829bfd,12,你好……伊克斯？,approved
dialogue_map4_0012,exact,*,*,1ca4121225292966ebc015f940a7b77d00106ec89e3870e3eec6cb4f5878a180,13,嗯嗯嗯，你好？,approved
dialogue_map8_0015,exact,*,*,5c74d6158622259f929196d79b3d8db2b98c29e1f096e060226d4c82f916a292,158,嗯……地板上的这些符印……它们像开关。试着对那些构造施放光，这样尖刺就会缩回地面。,approved
dialogue_map4_0021,exact,*,*,ff4afd0410d778e19a21b00821ddfbc032f68e89c3c29d8c10b8da21f9a1c009,72,嗯……好吧。我叫韦兹古斯。蒂尔德，你有没有受伤？,approved
dialogue_map0_0005,exact,*,*,b7e4c8eb66649d09f89abbf7b157b91cc6c10127b310d43a71bb13712e5fd878,17,嗯……接下来去哪儿？,approved
dialogue_map5_0003,exact,*,*,73c9024f909237505b7335d90f09d09f5bba4596f01120587b8d88ecbe75b0b1,294,嗯……看见那边了吗，蒂尔德？那颗发光的水晶是 Lux 水晶。你可以用它作为魔法导体。集中精神，就能照亮周围两步半的范围。不过要小心，等你走到光的边缘时，它就会失效。,approved
dialogue_map4_0016,exact,*,*,f82a25701202ed0f5647708781453f3a8625df739a4754d91b625d357c37dd64,21,你是怎么到这里的？,approved
dialogue_map1_0013,exact,*,*,ce78ddee2788ce16913e7d8b2ea3dc65559e3c7a8fe6f50e2a66c0d7821979ea,168,不过，他们全都住在这间屋子后面。答应我，离危险的东西远点。我想我能给你看一样能帮你解决问题的东西。,approved
dialogue_map5_0005,exact,*,*,0e6ec1c05376aa164a469f92b5fe0a833754e3e89f1371496d1a2322020beb7c,198,我可以帮你，蒂尔德。让我把你手中的法力引导出来。我很擅长魔法，只要顺着魔力流动，点亮水晶完全在你的能力范围内。,approved
dialogue_map8_0004,exact,*,*,91aac1f332fb6427b2a27eb097d2c947fb1a39645b3dfec5a65c85c5feff16d6,82,附近没有多少敌对生物。我觉得在这里探索应该没什么危险。,approved
dialogue_map3_0005,exact,*,*,6f90a82c66b8eb17671724d3806a6103068162f547e882f2c93f5d1d7fc8e98b,73,我没看到更多符印了。神器就在这里，对吧？,approved
dialogue_map10_0006,exact,*,*,33c5b121202017831be200899c0be600ab8f322a05d0881be083d7e455ded847,27,我讨厌他们，而且他们身上有股味。,approved
dialogue_map8_0016,exact,*,*,d02848652ee53eed664d915a5305f15fd36cd0ac820e9ff479c7092a873f990f,69,我得追上他们！这些尖刺陷阱拦不住我！,approved
level_11_flavorText,exact,*,*,30b8476d529edfafedd64fad4a6350881ebbdaad18078f9fdc5867c2324d8703,34,我听说终点有奶酪。,approved
dialogue_map3_0019,exact,*,*,987e742561c2649605bf3c56aa007dcc89f95a2e916208bc53d1c9ebff1a7a82,58,我拥有巨大的力量，而你，孩子，拥有无穷的潜力。,approved
dialogue_map11_0039,exact,*,*,c155cc15559c9707b8567e9ec8f0395b202fb4be8184f859f4335e85197567e7,75,我以前不知道那个构装体能启动，看起来很危险，蒂尔德！,approved
dialogue_map10_0009,exact,*,*,944090e18474d65e6b4431d6ffec13ef4dbbf9ee9d136e84865f896bf8c02bd0,114,我明白了……但这不是你粗心大意的理由。小心点，提防他们还有别的花招。,approved
dialogue_map2_0019,exact,*,*,8a6aba8b172b89a570921c5d787ebf53cd9b74da7739f34c0feb80914d26412f,58,我还是得小心那些潜伏在周围的东西。,approved
dialogue_map7_0009,exact,*,*,407fc3d77d7ef0cdcd58709bd4bbe271ba60f7293d8356484e0cc1d7c782b605,114,如果离开，我或许会想念这里，但我不认为谁注定要永远待在同一个地方。,approved
dialogue_map9_0011,exact,*,*,54e259928fe9d39f690d5c0ef6a687dfd2d5771afc2ee902fd3475633c418d8c,179,我想那是我爷爷的地，他们知道树林里没有绑架犯之类的，所以我一个人在家时，他们会让我想干什么就干什么，超酷的。,approved
dialogue_map8_0006,exact,*,*,54981c2b41d4d6be233e6aa858efaae55ee7c907eae9b70dec94d33e69def358,46,那是伊克斯吗？！你这个混蛋！你对我做了什么？！,approved
dialogue_map11_0006,exact,*,*,db61d3ec27b44dea0dfc4a10adc581b7b9ace1ad5f4cdef992c7ef1116f1c68b,5,伊克斯！！！,approved
dialogue_map3_0017,exact,*,*,713cd472410b7964f5fe747938a1f0d730310a39177b4f711d556cb3d7135bd9,68,只要你有办法，我就想亲自试试！,approved
dialogue_map4_0008,exact,*,*,67e8dba8f2c83bf748c498590357f7a2749d14daf6830c1cb3607ec6179b4deb,79,如果这里和禁书区一样，我不能待在这儿，得赶紧走。,approved
dialogue_map1_0012,exact,*,*,b06da238095a484ba11b88ccc853c323932a0396b94d363b881346eb6bf73da4,157,有意思。你要问我的话，你离笨远着呢。事实上，来这里搜寻并获得强大魔力的聪明人可多了。,approved
dialogue_map4_0013,exact,*,*,54aa6ab54cf759176208641dafab82992196da047b947b5fea45db226d4c3f85,17,有人在吗？,approved
dialogue_map1_0006,exact,*,*,6aeca47cf9301ed768e802ca304d2d9c9f1c952867e5bd88aa7bf85c2b593465,43,你是不是不太擅长这个？魔法？,approved
dialogue_map3_0003,exact,*,*,6d9af2c96f69faccc592f2392b3cc6d058c1a6de7a350a497df8ce1b85d41240,41,禁书区到头了吗？,approved
dialogue_map5_0014,exact,*,*,8f041973a57194a2074e60675fb509d60f3ca455b3d6fb1e31c5341b501c54c1,42,感觉全身像针扎一样。,approved
dialogue_map1_0010,exact,*,*,60926f33d178057f521a1946816d043d25709b9dd546eb76865ee475dcd11da0,250,就是说我的魔法技能落后。我怎么都使不出来。爸妈把各种能让魔力流动起来的办法都试在我身上：治疗、药物、MagiKoomon，全都没用。其他科目我的成绩都不错，就只有施法不行。,approved
dialogue_map11_0043,exact,*,*,da4aa91623e5f701a8d7f244d02f8711ceb263fb40417b64878e88c27b62aad6,57,它越来越近了。哦，看起来它出的是石头。,approved
dialogue_map2_0014,exact,*,*,70750482478dde617f5c933049115c07a5a8782dced72b1009473a11a54f8b64,43,只是一本记着些顽皮小秘密的书。,approved
dialogue_map0_0015,exact,*,*,034cc0d60469129a70a456bf6511445774d74b006761d8005dea25d946c4a5d9,51,这和在外面走路没什么两样，对吧？,approved
dialogue_map7_0003,exact,*,*,cbcdef59718455bb23573c6e8f29b2f5478821a8bbb452a39195cbe8f2b5bb53,183,刚来不到几小时才会觉得诡异，蒂尔德。再说，我以前也试过逃出去，但没有进一步的帮助，根本走不了多远。,approved
term_Ix,exact,*,*,06f6c059006922bd5179c1bb63f89595d4c35244ae34af91085396797817aaf9,2,伊克斯,approved
dialogue_map8_0019,exact,*,*,6dec4aae32ef613dd52c7820d9ed7cc8d2f466cf6fc84a9d6b21cdd98caad5e0,112,伊克斯！就是那只坏猫头鹰害我困在这里的。找到他们，他们就能彻底带我们出去！,approved
term_Key,exact,*,*,99a52df3ff3d499488e2fa28150c4106a2cb5e928891a830a9aa3922b2d32160,3,钥匙,approved
dialogue_map11_0008,exact,*,*,dff381b05a736892c926c27b87e8715b8f1418c11ad8f4b66d5b87e46beffd61,19,放我出去！,approved
dialogue_map11_0024,exact,*,*,d8c5eea3852781b45885d07d6e47a14a1cbaed6537bbbcf8b799220e52c059ff,38,那我们来玩一场猫捉老鼠吧。,approved
il_ca9852c8fff6e1f3,exact,*,*,7e2a00e312ffbec38b9248a245d88fa443093f7c735c67b91c2f45dffc6810c8,45,等级总体上体现单位的力量。,approved
level_02_levelName,exact,*,*,6caecbb2fe740d58e174bfb0e4842d2e1e72a5ced5acf207e4bee0b86bd8c951,13,轻松读物,approved
dialogue_map4_0026,exact,*,*,1ed1e0b05599d212d0cf668e23f3acadc3da20344f6d6962211538468cbe7b61,207,听着，蒂尔德。你把我的笼子打开，我就能帮你找个安全的地方暂时休息。我保证不会把你带偏，但你得快点，危险的东西很快就会追上来。明白吗？,approved
collectible_meta_00_inGameName,exact,*,*,8a5dbba8288b8325c30ddd0a0e3d255731ceddc1c1bbfc3c6f5d770af5ed6696,9,借阅卡,approved
term_Lux,exact,*,*,726b98a2ea0c3f1e679dd06cb28d6d26d9521c5c413b7611bf05af93ac0669d5,3,Lux（水晶）,approved
level_05_flavorText,exact,*,*,103d974673075e90f24d378d0ad835d8536344740f3a8e0e5b412c30c0dca4ce,43,Lux！保证让房间<i>亮起来</i>！,approved
il_f3aa1d6015c77472,exact,*,*,a4791bbee6872775708f00994a2d3fc5c5c0520ce03c207b61e75c73e84981eb,57,MVT 是单位在回合中可以移动的格数。,approved
dialogue_map2_0015,exact,*,*,8dcf91cad2b2151de0c18a8dc18bf1fae69d602af71d37f93bcc19319a802d94,76,魔法就是充满惊喜，你懂的。我可不想再给你提示了。,approved
dialogue_map3_0016,exact,*,*,04f8bfba92bdbdf3e7c3db5e615b36bd59d4a43cd98fb3b0ba2827e0d062b2ed,130,魔法！我想学会提升魔法的方法！我总是做不好！试过的补救办法没有一个真正管用。,approved
dialogue_map1_0009,exact,*,*,276adede523c571e15381aecd51801c5ace7b4f7e6c62f15a5bdaf9d342e38c2,54,‘魔法障碍’？我没听过这种说法。,approved
level_03_flavorText,exact,*,*,d29c3ca68bae8dce33293a8dc6b8c90c517fd5a35bee0accf0ba02975d16d93d,64,先确认自己究竟同意了什么。,approved
term_Masked Owl,exact,*,*,1767b3ae039f37cbddfadf9cef1557f42669438090156eb7612f588fbefdeaf0,10,蒙面猫头鹰,approved
il_f266032ac26b5fcc,exact,*,*,cd5c4887d179468b18a324269212a51f4fdff9c0e20091bee89bc54830cb5063,24,有多个地图可用！,approved
dialogue_map9_0009,exact,*,*,bfe1dc7de323b095509711275a36a8b2ba39dd29e49c82556b26bc86aeb9b4c4,105,我爸妈糟透了。他们不常在家，所以我通常会在他们宅邸旁的森林附近探险。,approved
dialogue_map10_0008,exact,*,*,65472ca7ba989d1d57014acebc114cd2fd311d7e27eac1f2dbb3d9222b166c0e,45,才不。我大概能把他们一脚踢飞。,approved
dialogue_map2_0010,exact,*,*,7bb488847b951689533b4eceafaa41b26451ee9335915c0ac5750b0a3fef89e6,56,没有，我正努力戒掉呢。不过，我可以帮你一个小忙。,approved
dialogue_map0_0016,exact,*,*,54427cd0ce4a02aafde53afd97abad7832315cd77fa35c21b8dd9e3488c66b69,123,完全一样。走过<b>钥匙</b>就能把它们捡起来！再用<b>钥匙</b>破坏这些<b>符印</b>。,approved
dialogue_map4_0022,exact,*,*,32d84b37969af12e725a369bd4cb5dc5897e47d3c0d1a7ace1299829374311fc,76,不严重，我能走。这也是帮我练习魔法的训练吗？,approved
dialogue_map1_0026,exact,*,*,51a86b94a69fcdd43d771acef32a129bf2f2d4972fa1ef553286de8321731ece,10,什么都没有……,approved
level_07_levelName,exact,*,*,80c2f4e987438cd1be913fc5f9b1f4f7e9a9498b6762a86c64b5be6d322223ee,8,数字砖墙,approved
dialogue_map5_0010,exact,*,*,506a0b560ed680000e08847c4109a20ec1200e988461514cdac6eefc2a2c0f9c,8,看好了！,approved
dialogue_map11_0023,exact,*,*,55b5e099d0772552263629ac1249c12367a4ba9c2cd1855f21c6f799de192004,26,哦，太好了，还能用……,approved
dialogue_map6_0009,exact,*,*,e40edb85075baa937f82baa346608dc8c5134f4610ac1a913e43b6152cdf3fde,124,够了！被带到这里的孩子那么多，你绝对是最吵、最烦人的那个。,approved
dialogue_map9_0013,exact,*,*,0fda4ef742ef14ee69a2ab54579856cfa6e1b197317ea7dd49c847a2cb7f150e,20,哇……算了，没事。,approved
dialogue_map1_0022,exact,*,*,56723edcd935d4765276b152e8e4c03990edd9dd87863122cd85cddd74eb37ea,3,哦！,approved
dialogue_map3_0018,exact,*,*,f5bd78082f06ceca73d35f919dc176d79812bc047311b33d7b2bd327789037a2,65,我当然能帮你。事实上，我们可以互相帮助。,approved
dialogue_map2_0007,exact,*,*,0caba130ac888ddbeaa182ca3df41d6e447758ba24cab7fd976a392b18a506b2,46,哦，我就知道你不用魔法也能做到。,approved
dialogue_map0_0021,exact,*,*,d29d5705a3e149712400a87c390b61a08889aa1361ed6172086bedf6f7b34de6,29,好，我这就追上你。,approved
dialogue_map3_0022,exact,*,*,9861c47ae2790688273672b03cbb884020753f220823cdca6e249aa1d6ad1525,56,好，但你最好说话算话，书！,approved
il_4996075220072092,exact,*,*,e432dac5a2d6f8b988bb3591ad086cc15be6f4f38ef7ebbabcbaa2d9572fc39d,42,从职业学到的两个主动技能之一。,approved
dialogue_map9_0004,exact,*,*,fad8ec7704e4db28c99eeb97ea0d5eb9a69b553e0d27b3b34a6586d46825366e,180,哦哦……等等！也许这里就是你孵化出来、被虫妈妈养大的地方。那时你还是只小宝宝，只会吱吱叫，所以才什么都不记得。,approved
dialogue_map0_0008,exact,*,*,9cef5641ca460407e5ff070807ec3aa0e6372c325564898fe01ce74949598d10,10,在这边！,approved
collectible_meta_08_inGameName,exact,*,*,4d15cb66cd28bcf41259642efcbaf8146f727d3828c8229787588ea6844b87ef,24,某本怪物图鉴的残页,approved
dialogue_map6_0007,exact,*,*,ef8df6ffa671d4c4fb2cb9ca657bb09f26bef1118e79b06fe752cda9b875ec0e,107,也许我该害怕带你穿过这片森林，免得你又把我们领进另一个陌生人的陷阱！,approved
level_12_flavorText,exact,*,*,7851d30e5ce3843ee0996f4ba9e8db3c48a44b193c4213da443dbe982be5d78b,32,准备好被杜威‘死’化吧。,approved
il_74a1649c717b7cf7,exact,*,*,8b5d19f738c01b1d78de25e8100531e27890cbcff0906bead89c160d6aa01efe,36,RES 用于降低魔法伤害。,approved
level_03_levelName,exact,*,*,b746b1d18db384b2d7edc4652cdb04a97685a3306081cd06381a97c33a1cf351,18,阅读脚注,approved
level_08_levelName,exact,*,*,108a9f2c35b06cfb0c7cf0b00b211bbbb0cb6f0946e5aa3e6944043ea577ed8c,15,彩虹阅读,approved
dialogue_map0_0012,exact,*,*,14792e05123442262c78d1d528160004eb7c71fd87a8fab51141610f1114eb1c,55,真的吗？好啊，那可帮大忙了。我们从哪儿开始？,approved
dialogue_map8_0020,exact,*,*,d87aea5dfdb8368d1c705a7193e1a5d5aa9fb12f86cce5a8964c0be47bcc79c8,8,真的？！,approved
level_10_levelName,exact,*,*,2c6d726665c9b64e4f85624e31e301121cf36a5d9c3522f2f68220e47917aab6,13,罗塞塔闪耀,approved
level_13_flavorText,exact,*,*,24b52c20cd3c518653652f0f93aba3a94abe6b7f1d6387ec8cc22a148d6c9cb6,30,穿过森林，快跑！快跑！,approved
il_656d49ec603bdf97,exact,*,*,1ada1bba4e4c318c84c17e202dc6db09ec992e816447fec95d12fa4dcbdcfcfc,30,使用技能会消耗 SP。,approved
dialogue_map3_0034,exact,*,*,c595c5bea6f997076955508ee76246e26432f570cdbdb6dcce7a652af34f361c,5,恶心。,approved
term_Sigil,exact,*,*,2dadf0e96594ba872327cd8cb48e45e471dcef191fd36a8dfeef398f094a2f93,5,符印,approved
dialogue_map7_0007,exact,*,*,3c99c09c2d29767f6d1fbd50c482f0e76df311437aa111ab083e99b4cae45781,167,我没有可以行走的手段，就无法离开，只能住在这里。尽管情况如此，这里的气候舒适宜人，也很安静。,approved
dialogue_map0_0017,exact,*,*,ad80a8aff5b0f6ac22a0eaded53629a79899da5b6fa68b74063dc4894a7cad44,95,那图书馆其他地方也该一样，正门那边也有这些东西。,approved
dialogue_map1_0004,exact,*,*,d9633706fc421df28b0d7fb7ff6e3adae5504dd952f81f926939fccfd1e20b5d,38,所以你能绕过符印。,approved
collectible_meta_15_shortName,exact,*,*,0e9a7dcd73f3078d683a8a5a41f1c1761e4bd11ae533fe034b883581cf16bdc5,15,某人的记录,approved
collectible_meta_15_inGameName,exact,*,*,cc26e585578437b1e1a3a1b9677485732a014765bb3fade3e1ca6192e6cecac6,28,羊皮纸上某人的记录,approved
level_01_flavorText,exact,*,*,2c8896f8fc216e7d06b4e10dbd117485358e66317503ebe3978f0892398415e1,55,有些人施法时，跟不上自己的年级。,approved
dialogue_map0_0014,exact,*,*,0b323a2405a94c055e491d64222b12023b68f6df19b53186fca229e5933036cf,101,有时候，花点时间看看周围的东西怎么动，反而是最好的选择！（按 SPACE 可以原地等待。）,approved
dialogue_map6_0010,exact,*,*,807b4931287900385b05f675e0b229b47e67ad247b2cd0c5338dcaca45462a01,75,别拿这些胡闹浪费时间，赶紧走到房间尽头。,approved
collectible_meta_09_inGameName,exact,*,*,c50602ea1f041f0dde54b6b04229a9ffb0328355d65acfe31a5f62489023d4fe,12,奇怪的诗,approved
level_05_levelName,exact,*,*,4e9619dd78b8a3e31d97df15ec4ec0ec6e8480943cd111a7b6b4ecc389f1d049,16,闪亮预览,approved
dialogue_map2_0012,exact,*,*,cbf25b5c5d7681534f7e53d89ca2f2ae5946650f0c0a26034b7e052df267fd00,105,拿着这个，继续沿着符印走。找到我，我就赐给你一件力量深不可测的魔法神器。,approved
dialogue_map2_0008,exact,*,*,25e6a1a26fb76c3204f0709afae8f53fd6b8e2de4676726302886a40fef4b45e,31,谢谢！可我看不见你。,approved
dialogue_map3_0014,exact,*,*,abb7c7bb6a884a25d973fa6a9335a435ccb24c8c513ba895f57960c5dc92a38e,16,正是。,approved
dialogue_map11_0014,exact,*,*,1f930fd16c343056a405422c7df12845114de7ca6852d4bc1a872b882ec2cec7,122,你那只宠物小面条说得对。你真的很笨，蒂尔德，而且你根本不知道接下来会面对什么。,approved
dialogue_map1_0015,exact,*,*,26dcc0d8f55f33d14df92d66fbb222b24cc2c60a787c209ad2b29e983b05df22,114,那点小文具帮不了你，别想着和任何东西打架。要是最后成了啮齿动物的口粮，我可救不了你。,approved
dialogue_map1_0007,exact,*,*,a5c3d9f3adeaff75f02c6232ca3ec54beee388aaa21b56cb10f1a01f6b79c667,95,我就是为这个来的。我在找能帮我练习奥术的东西。,approved
dialogue_map5_0015,exact,*,*,ded7ea7e0430ee2dc5a3a2c752ae016e8fe3f68fb19ccdf786e140e45d3ccc1e,246,大多数施法者都会这样。听着，你是为了学习魔法才闯进这本书的，对吧？那就让我教你。这颗水晶不会以你无法预料的方式伤害你。随着时间和练习，你的身体会适应它。,approved
level_00_levelName,exact,*,*,ac1eb7f9a60de4f21ebbb5711e6f5152db08e742673d286cacb83a7ac96be935,21,禁书区,approved
il_8caea985bff25d40,exact,*,*,612a652a14286110a7ca85954239bc281ae3515ffb3b5a831c083222edc8f9f4,35,从职业学到的被动技能。,approved
il_61e73aaf5ace1c71,exact,*,*,928783a7fb962f574d3f374e1094add72b61bca1212f64f69b30269c3c62e4bf,51,与装备饰品绑定的被动技能。,approved
level_06_flavorText,exact,*,*,81302f79aa5ad2db9eb6b124bed3fda9a2622ec52a5d9e6d1d2c64e27876ef8a,26,选择的特权……,approved
dialogue_map10_0003,exact,*,*,7b36c15b52d2aa70f650a30570c00c3f9fba78f5ae7d02db9b8624a2e81a44b5,90,他们叫伊克斯，是个骗我传送进这本书的小坏蛋！,approved
dialogue_map8_0021,exact,*,*,18e2afce65c8ff2bb3616445e1973da986b48f90b45f44cfac503a715f5e388e,48,那就别浪费时间了，带路，蒂尔德！,approved
dialogue_map4_0017,exact,*,*,c3adc8256f7e6e01c1da931b24bcb1355c8a3a0c63b7b5e511be838444e97433,205,我在学校图书馆发现了一本被锁链缠住的书。它说只要解开锁链，我就能学到帮助魔法的东西。所以我照做了，然后就到了这里。,approved
dialogue_map5_0002,exact,*,*,54d54b413791769932b1fce9f8d16ade39c2705150debe0ee08fdd035fa37763,107,到处都是墨水怪，我几乎看不见地面。有什么能帮帮我们吗？,approved
dialogue_map9_0012,exact,*,*,494fec582ddf775aa043945077f4b20fa4d98e202fa322e2ad75a0ccdf41b9c0,179,他们还有一扇带铁丝网的大门，用来挡住闯入者。有一次日落时下着大雨，我差点撞上去。‘疏忽’是什么意思？,approved
dialogue_map10_0005,exact,*,*,315eaa3568cf3bc23c29ddde2717ae0dfc249002f724bc9067ee9bc44c1f15e1,93,他们和这本书熟悉到能绕过锁链进入其中……,approved
dialogue_map8_0012,exact,*,*,82a4ce5ca64d32ea96503db7db16483d074427c5fe8cfc99f24bfa90db6d301d,68,他们进遗迹了！回来告诉我到底怎么回事！,approved
dialogue_map6_0002,exact,*,*,2de5b6ca868f18ef60ccb1397abe332834e3d7cb69b0f6ab959c1b5468114070,100,等孩子们从天花板掉下来这套流程，再荒唐也不会让我习惯。,approved
dialogue_map7_0002,exact,*,*,310b6e62c3d72b866608ae77f197b9d9f524f636a473e22b72fd5a34bf5d5c29,49,这片森林好诡异……你为什么住在这里？,approved
dialogue_map0_0004,exact,*,*,00b1293ac9b5bbbb0de99f594ecdff96a809433e9e6fc4c91218966ea375b84a,34,就是这里！禁书区！,approved
dialogue_map4_0015,exact,*,*,da06ef81b9249e701937734764b58ad276b6c4927bca372ca3ff8f7ed644e3ec,80,这个地方没有名字。对住在这里的人来说，它只是一片森林。,approved
dialogue_map9_0003,exact,*,*,025b72c17f89fedb912c183b581d386f3168dde754813b9beb2e4ff8f55781ad,81,这个地方很熟悉……但我想不起有什么重要之处。,approved
dialogue_map1_0011,exact,*,*,ab41f8860d09d87c189cdf285f2d5f236ebdf8026e364faedd02ee4121a871cf,152,不过那都是他们的办法。这次我要自己解决。我也不知道一定能不能成功，但总比什么都不做强。,approved
term_Tilde,exact,*,*,66042131f7b533a3f86e55461a70fa04b6fd2aecd8fec78fdcba76bd18b18fdf,5,蒂尔德,approved
dialogue_map7_0006,exact,*,*,aeef2537b30dc9dc7bf628b49781b707231a76463e1eace848aa8d007056869b,19,蒂尔德，我没有腿。,approved
dialogue_map10_0002,exact,*,*,66803b3644f22685f49055066558868f0a78676121e459f8811376f2b7fc8b78,86,蒂尔德，你能不能解释一下，我们在这些神殿里追的‘这只猫头鹰’到底是谁？,approved
dialogue_map11_0042,exact,*,*,46a54463a561ce9cce93a37de3242589b559cec054f858844d3f956c666c8317,57,蒂尔德，现在绝对不是开玩笑的时候，我们得走！马上！,approved
dialogue_map8_0013,exact,*,*,d7b7f4de2acee86c96f3a8e2eadb59443f9640efa90eb94162ce316f18d3ecff,12,蒂尔德，等等！,approved
dialogue_map11_0012,exact,*,*,62ccad0369ce78f276f59ed8bb0d9871bcdedefd9922bc716bdaeac804eb89f7,81,蒂尔德，你根本不明白我们面对的威胁。我们得撤退，立刻！,approved
dialogue_map11_0013,exact,*,*,39034a55cc9f667b18bcaf746fea50f319a8f40499ac7ea4653c748c75a8216d,9,太晚了！,approved
dialogue_map6_0008,exact,*,*,70fd7b9b04fce01ed646336dca81cd723837a72054b82d85059293c23c2eb9b2,159,呃啊！这里糟透了。我居然为了什么都没得到，闯进这座蠢图书馆，现在还要困死在这本孤零零的书里，被你骂！,approved
dialogue_map11_0009,exact,*,*,3d35ccb939bd7ff1c6bd76b0b0c3b3a8ae2b8a4bd181c7d5c9f85c386c8640ee,157,唉……韦兹古斯，你教这些孩子礼貌时越来越偷懒了。连<i>你好</i>和<i>谢谢</i>都没有……你们两个都让我失望。,approved
dialogue_map0_0010,exact,*,*,25b5a814721d642b8e70da161fdb968ea686bcf923e50efa5b89841f37d777c7,79,呃，你好。我是蒂尔德。就找点东西，马上就走。,approved
dialogue_map4_0014,exact,*,*,a0c7e487639aa823928f22cbbdd0a3f44edbd8516f6813a7033e4c783469165f,46,呃……你好，我是蒂尔德。你知道我们在哪儿吗？,approved
dialogue_map3_0020,exact,*,*,a4ee982d40e176b6a76b5bef74c1fd204bccb1de5944546dbe88b4501c75a618,52,解开锁链，我就能给你所需之物。,approved
dialogue_map3_0035,exact,*,*,34621f0d50c83c4de241348b5c775b75e0ba31c149df2d2b6ac0decc370fccfb,5,等等！,approved
dialogue_map6_0005,exact,*,*,3674b06ce5b570583c308ff73cd575c79dc9a55965e85b742eaeeb4b3ca8c67d,152,等等！也许我没猜错，你就是想绑架我。或者把我引到某处，再害死我！你魔法这么好，就是因为你吃小孩！,approved
dialogue_map8_0018,exact,*,*,3e5729ef8b76ccc53bbb1d399bb94bd11868ff42298a4eab83c32fa002f0af68,34,等等！蒂尔德，你在追什么？,approved
dialogue_map8_0011,exact,*,*,58a7401bd9c755d014bdbd7e14d8d012bb08d03ce40bb5a5a8c720f363a862ef,26,等等！你要去哪儿？,approved
dialogue_map8_0005,exact,*,*,1a1a1ac739ef999fa2304bbd20b53c74971e413aa5ab4fc4081a4b4eafb1f084,7,等等……,approved
level_06_levelName,exact,*,*,9cac763a21d4621275d2c20aeb2ac642d5f31679458effea4c379fa6071e4729,12,文字之墙,approved
dialogue_map11_0041,exact,*,*,2a579daa520b1cff63d2d115fd423c8e17d34a284bade31e2ea49dc62216a87f,28,韦兹，我赌它会出布。,approved
term_Wayzgoose,exact,*,*,14212a68f293e56f29fd40323961f14faf03e725b74af62ade13dc3559c8fc00,9,韦兹古斯,approved
level_08_flavorText,exact,*,*,b9f92881c7e34ecb9b635937dda063a1193ceaf9613deba41989b32829329fb8,63,我们把关卡加高了一倍。看看吧，就在书里。,approved
il_48afe741074f0ee5,exact,*,*,dd95306d676133152e9b9d9193513e64cfcc9b417640fde0282bae2cc2092342,67,武器会提升 ATK/AER/ACC/AVO/CRIT，并可能拥有主动技能。,approved
dialogue_map0_0009,exact,*,*,07523592e34c7cd3040e26abcc0edef939ee742943986e2bf83a132375b01244,84,欢迎来到 ARCHMAGE 图书馆的<i>禁书区</i>！你可以叫我伊克斯。,approved
dialogue_map6_0004,exact,*,*,808e9788127c30263331ffeac23d024e7244d918f45fb889836099abc0f4281f,120,我又不知道会发生这些！就算知道这本书里是一片森林，我也还是会闯进来。,approved
dialogue_map7_0010,exact,*,*,fc600d29f6b3033166ed5d6bcdfedb8e111b515adb5638b4f9683cb7e5b86c63,170,我才不想待在这里。我可不能像你一样睡鸟窝，也没有露营用品，更没东西在我睡觉时赶走怪物。,approved
dialogue_map0_0011,exact,*,*,0f9594de9df72c9f0e3d7eaaeb8295e6804fe9b814b3456d621e42bfbdc92b1b,76,我在这里待了一阵子了。你是新来的，我应该能帮上忙。,approved
dialogue_map5_0007,exact,*,*,549b528acce8c129bdf38ae6dec8d0b42ad4d5a950bfea9e1e3c7dca7bb5a1f2,88,别在黑暗里干等着胡思乱想了。拿起水晶，我给你示范。,approved
dialogue_map10_0007,exact,*,*,a6d5619ca57a7ebe368878b9b2db7a8b4bb6e963f655800053a095b969439bff,27,他们危险吗？,approved
dialogue_map5_0017,exact,*,*,4e52a7135f5df0185e939939506e1174b16cb952c441996869ed117a37849824,58,什、别直视它，会灼伤你的视网膜！,approved
level_00_flavorText,exact,*,*,4060a680af226425fd931357e5e7e7e859b3511dd7a7f5cd621b9de0fa55c915,42,你在做什么？你不该来这里。,approved
dialogue_map9_0008,exact,*,*,052717e7cab1857b5a2e0101e09c406834b6311283a9b1e8218d0ebe58aa1184,34,蒂尔德，你的父母是什么样的人？,approved
dialogue_map1_0018,exact,*,*,34beeb106c9239947378cb44dcbbaff4b8b92f557c04fc4da15caad80f63caea,70,图书馆里到底有什么东西，是一支笔防不住的？,approved
dialogue_map4_0024,exact,*,*,0e004452ccc310386e6f339f79ab3e75a8adf0fdcc5b732501be3276c4ec7942,30,什么！我被绑架了吗！？,approved
dialogue_map4_0011,exact,*,*,79b00cd256156e7d22af8b3ca740495d5917f18cd7ea8aac05845cda8404d508,25,笼子里是什么？,approved
dialogue_map5_0006,exact,*,*,8af9b79797ff0a87bf091246468aeeebb9e7c94bedd4178a6b71b55ffb0f4590,46,什么？你要怎么用我的手做到？,approved
dialogue_map0_0007,exact,*,*,f74fe0f45863637454fad51a2695bc4b5bc9f0534baca3294e638aff5c983608,18,什么？谁在那里？,approved
dialogue_map8_0014,exact,*,*,f6986abadeafbecc8ddf5677be086a7e703c282c827512de7ca9fbdbd11026fc,25,什么？！怎么了？,approved
dialogue_map6_0011,exact,*,*,4fb811fdb4eaed25e1d0037e49036e4dedf15814383277ce6c2fd70ef9d43c0c,15,随便你，虫子！,approved
dialogue_map10_0004,exact,*,*,16d1e6d7f2ef34866d36ff75286b34038b454265b17df528caac65e85e0c0ac9,212,我在图书馆那间封着锁链的屋子里时，没觉得他们藏在那里。没有脚印，什么都没有。而且他们既然能进这本书，就说明书和伊克斯是朋友！,approved
il_f66affb72af23ddc,exact,*,*,2e44255d1e61c38c898a1238a8f70930741693158607f2713b47717d4c50e3f4,41,单位获得 100 点经验值后会升级。,approved
il_58beb5f92007f2b1,exact,*,*,8a50f0307ce3bd6513dffa6ccda0815987375dc1a9e84f5c74e15ccf5b8b7130,43,单位 HP 降至 0 时就会被击败。,approved
dialogue_map2_0006,exact,*,*,0e1291601eb690ed2283c7e6ed9c847e4780f68aa256684019282b122eae837a,37,我现在在哪儿？什么都看不见。,approved
dialogue_map9_0002,exact,*,*,6e9f7fe4b8f7fffdb4aabe848a72e679a68f6a19c85618979fae2f24beb2c04a,90,伊克斯去哪儿了？韦兹，你在这里待了很久，对吧？知道他们可能躲哪儿吗？,approved
dialogue_map4_0007,exact,*,*,84b61b9d9ac500b65d2c9c60254b9bfa8b96f6ae0a20cd5430f2db0c9a896b9c,20,那本书呢？,approved
dialogue_map3_0008,exact,*,*,f2aac5da8cebc2af8f8c644c415b03aade4f1c392688f69a0cc6b8923362e979,6,哇！,approved
dialogue_map5_0012,exact,*,*,8b9ff239035fc8c522eb44ca41000d73ac2ad58dee2fa2e33f4ee10e65767f37,63,哇！我以前从来做不到！太厉害了！,approved
dialogue_map1_0020,exact,*,*,45889cb52e79a80fb9915fa4a7929cdec91aad20322ea0687503900b93b2b6df,19,哇！那是什么？,approved
dialogue_map4_0006,exact,*,*,0e7a59223d5281ebf05a284087adc9365ac589559ceffe52f24304e8d4febb16,43,哇……我在哪儿？我昏过去多久了？,approved
dialogue_map4_0004,exact,*,*,4b0c40bd00c00e70e014c2e3335dbd98df1abae1e91215d8e632f1be3b5b7008,12,太棒了……,approved
level_04_levelName,exact,*,*,99e7102057d88bf3f90b528635babff31c18e56da2e5d033fe6de5bd1f0b5a4e,23,你还会爱我吗,approved
level_11_levelName,exact,*,*,757d982e3bebb6a62a5d94cb407e0a69404aefe8945b18eb05cfa90e2114c906,14,作家的瓶颈,approved
dialogue_map11_0011,exact,*,*,05a7b29f6b0f37aae868427a7da9717262dd7e5cf74e42762eb59793f86ec890,49,对啊！现在能教我怎么施放爆炸术了吗？,approved
dialogue_map1_0005,exact,*,*,ca173ce77a57acc1da679025a3ce815b64b55f0cbdda397a044570d95f385f64,45,嗯，幸好它们不需要魔法也能运作。,approved
dialogue_map4_0027,exact,*,*,ad5c1042f3a5805238564a4aa07b925c8e0f659ac268e065995937573352639d,17,好吧，行。给你。,approved
dialogue_map2_0013,exact,*,*,c91435aaa41a3670cd2d19771fff74622538ecf6a6f584fb724040d4761bb9eb,33,好耶！是什么神器？,approved
dialogue_map4_0025,exact,*,*,ec43c1658465c74631fbd9d23a946e549cb82d50b4445c127ecc9c525c20d890,76,你没有被绑架，只是被困在你解开封印的书里。,approved
dialogue_map3_0015,exact,*,*,5f488e930199ec886c4eef199f3cb19dbd95ec0742cf8b182375a50614855aaf,61,你来这里是为了寻求某样东西，对吧？力量？知识？魔法？,approved
dialogue_map7_0004,exact,*,*,28c09ed28358ffde626f9bd1b902d56108a3e618225ed7310c34604a1bccb3e1,28,你就不能自己走开吗？,approved
dialogue_map4_0019,exact,*,*,fbf7235841ab72a7f24518c18e190db33e9db802380f7e9b1be5cbe2978f9e15,128,你听了陌生人的要求，解开了束缚它的枷锁；就你所知，那些枷锁可能正是防止它伤害别人的东西。,approved
dialogue_map11_0040,exact,*,*,eb589158dcf1e5c0ddcdba40ba9ba38a7284e3b4712e80d53f0d5503a797564e,65,你知道吗，我在剪刀石头布里肯定能赢过它！,approved
level_09_flavorText,exact,*,*,ff691f1480a033f952d64eb70f82adc26f12069e29735b898f7b57f61eb86636,54,就是那些你现在应该已经找到的笔记。,approved
dialogue_map4_0023,exact,*,*,eaa738b0bbf68e0289c4ae1d2b0e770df9f8f31a3d4b703f4dcfc532c8070725,23,你被骗了，蒂尔德。,approved
term_aether / ether,exact,*,*,b539d75c9914e6ed5a37d86bed327914eaa482b4980d5bbc981bd6c4112c47db,14,以太（aether/ether）,approved
collectible_meta_00_inGameOrigin,exact,*,*,c72c387608a27cbbac13565b1ebc79c931e841eff2b8ebc89c639cdf7e006ae5,8,来自 0-1,approved
collectible_meta_01_inGameOrigin,exact,*,*,83f08b2eba258ce510b2246e46ae1a9e8b0e763450327af4e58f2b4738454633,8,来自 0-2,approved
collectible_meta_02_inGameOrigin,exact,*,*,25128dcdd65c309bc9343d75364c99c1454ed7669ab8acbf883565e101fd09d9,8,来自 0-3,approved
collectible_meta_04_inGameOrigin,exact,*,*,f2626e8815bd7386830a0d733f6208f8e037659643cbb2eab674ee6fd115b90d,8,来自 1-1,approved
collectible_meta_05_inGameOrigin,exact,*,*,d6ec9597947a5ef66aea02e207d626a5f787ae8a6acc22be976893d667bb78bd,8,来自 1-2,approved
collectible_meta_06_inGameOrigin,exact,*,*,2d8915a2bde6068ba687e78c561f5b4c18391035387a945943244931abe45dce,9,来自 1-3a,approved
collectible_meta_09_inGameOrigin,exact,*,*,f613b9c084c6d5a0d31969e5ec7f13e6582b82a93a313b5aeb95c59534e1935b,9,来自 1-3b,approved
collectible_meta_10_inGameOrigin,exact,*,*,31a7ac18946e9c1008147acf130353ba6c969e9eaba8b4ac318373ed8044f180,8,来自 1-4,approved
collectible_meta_11_inGameOrigin,exact,*,*,2e4e68f8b396a1bc9b01bff265e832111d222a63c49abe1838d3d0c10ca515c4,9,来自 1-5a,approved
collectible_meta_12_inGameOrigin,exact,*,*,d2cf478c8329ae11975c127e3b5af53253329aee37a3322920c9ab155c13766d,9,来自 1-5b,approved
collectible_meta_13_inGameOrigin,exact,*,*,50801e1876bffd573a867eb695f4a6e3cdcd1273508c8671deba26215a48499f,9,来自 1-6a,approved
collectible_meta_15_inGameOrigin,exact,*,*,17ce096eee05485d6cf1b29ce5e04421dbac2f808e611939b36486163edee99f,9,来自 1-6b,approved
collectible_meta_16_inGameOrigin,exact,*,*,a737a648c6d0ff865ae9dc1b708d0fc0b82df2ecb62631868ea56962bc6ebdab,8,来自 1-7,approved
il_7a53259808e1c402,exact,*,*,42b639cf0fe48e6eeefe10bebb49a3e669aa1e3d7d737b50bcd5cc3921cc4477,8,来自？？？,approved
dialogue_map2_0002,exact,*,*,8d29cd9cd1ed5e70b65f7b8cc5269e6063b19239be454d86f8c9a51b00dda9f5,35,呃……哈哈，对！太酷了！,approved
serialized_e3d30cd260b7315e,exact,*,DebugUIBitField/Content/DebugUI Toggle 0/Text,f478f696a3f6cd9b1979515e7c0d95da503f346c7ba46ab1dc404f2d3f14b6e7,8,新文本,approved
serialized_859f4a5e8c24b650,exact,*,DebugUIBitField/Content/DebugUI Toggle 1/Text,f478f696a3f6cd9b1979515e7c0d95da503f346c7ba46ab1dc404f2d3f14b6e7,8,新文本,approved
serialized_a7dd6ca74c3a0cc4,exact,*,DebugUIBitField/Content/DebugUI Toggle 10/Text,f478f696a3f6cd9b1979515e7c0d95da503f346c7ba46ab1dc404f2d3f14b6e7,8,新文本,approved
serialized_6f5277644d9959f9,exact,*,DebugUIBitField/Content/DebugUI Toggle 11/Text,f478f696a3f6cd9b1979515e7c0d95da503f346c7ba46ab1dc404f2d3f14b6e7,8,新文本,approved
serialized_0ee3a06653231732,exact,*,DebugUIBitField/Content/DebugUI Toggle 12/Text,f478f696a3f6cd9b1979515e7c0d95da503f346c7ba46ab1dc404f2d3f14b6e7,8,新文本,approved
serialized_1d40a45a19fde1ec,exact,*,DebugUIBitField/Content/DebugUI Toggle 13/Text,f478f696a3f6cd9b1979515e7c0d95da503f346c7ba46ab1dc404f2d3f14b6e7,8,新文本,approved
serialized_2b2755f409f934bb,exact,*,DebugUIBitField/Content/DebugUI Toggle 14/Text,f478f696a3f6cd9b1979515e7c0d95da503f346c7ba46ab1dc404f2d3f14b6e7,8,新文本,approved
serialized_578f344d4282a7bf,exact,*,DebugUIBitField/Content/DebugUI Toggle 15/Text,f478f696a3f6cd9b1979515e7c0d95da503f346c7ba46ab1dc404f2d3f14b6e7,8,新文本,approved
serialized_ddaa31f9e164dacb,exact,*,DebugUIBitField/Content/DebugUI Toggle 16/Text,f478f696a3f6cd9b1979515e7c0d95da503f346c7ba46ab1dc404f2d3f14b6e7,8,新文本,approved
serialized_8e9ad0c5834f9b3c,exact,*,DebugUIBitField/Content/DebugUI Toggle 17/Text,f478f696a3f6cd9b1979515e7c0d95da503f346c7ba46ab1dc404f2d3f14b6e7,8,新文本,approved
serialized_3857a94128b7d99c,exact,*,DebugUIBitField/Content/DebugUI Toggle 18/Text,f478f696a3f6cd9b1979515e7c0d95da503f346c7ba46ab1dc404f2d3f14b6e7,8,新文本,approved
serialized_1c5fa2e8a3685355,exact,*,DebugUIBitField/Content/DebugUI Toggle 19/Text,f478f696a3f6cd9b1979515e7c0d95da503f346c7ba46ab1dc404f2d3f14b6e7,8,新文本,approved
serialized_11e3f431e43ca041,exact,*,DebugUIBitField/Content/DebugUI Toggle 2/Text,f478f696a3f6cd9b1979515e7c0d95da503f346c7ba46ab1dc404f2d3f14b6e7,8,新文本,approved
serialized_b4b411da19e75bbf,exact,*,DebugUIBitField/Content/DebugUI Toggle 20/Text,f478f696a3f6cd9b1979515e7c0d95da503f346c7ba46ab1dc404f2d3f14b6e7,8,新文本,approved
serialized_ca6c7ebd13459962,exact,*,DebugUIBitField/Content/DebugUI Toggle 21/Text,f478f696a3f6cd9b1979515e7c0d95da503f346c7ba46ab1dc404f2d3f14b6e7,8,新文本,approved
serialized_726810af2500e2df,exact,*,DebugUIBitField/Content/DebugUI Toggle 22/Text,f478f696a3f6cd9b1979515e7c0d95da503f346c7ba46ab1dc404f2d3f14b6e7,8,新文本,approved
serialized_97d5331b4983bcb0,exact,*,DebugUIBitField/Content/DebugUI Toggle 23/Text,f478f696a3f6cd9b1979515e7c0d95da503f346c7ba46ab1dc404f2d3f14b6e7,8,新文本,approved
serialized_a310546721ff98f1,exact,*,DebugUIBitField/Content/DebugUI Toggle 24/Text,f478f696a3f6cd9b1979515e7c0d95da503f346c7ba46ab1dc404f2d3f14b6e7,8,新文本,approved
serialized_9832d32d1c3d613f,exact,*,DebugUIBitField/Content/DebugUI Toggle 25/Text,f478f696a3f6cd9b1979515e7c0d95da503f346c7ba46ab1dc404f2d3f14b6e7,8,新文本,approved
serialized_2585481c165eba60,exact,*,DebugUIBitField/Content/DebugUI Toggle 26/Text,f478f696a3f6cd9b1979515e7c0d95da503f346c7ba46ab1dc404f2d3f14b6e7,8,新文本,approved
serialized_a5908e617d93178e,exact,*,DebugUIBitField/Content/DebugUI Toggle 27/Text,f478f696a3f6cd9b1979515e7c0d95da503f346c7ba46ab1dc404f2d3f14b6e7,8,新文本,approved
serialized_a7edcc80c09357f8,exact,*,DebugUIBitField/Content/DebugUI Toggle 28/Text,f478f696a3f6cd9b1979515e7c0d95da503f346c7ba46ab1dc404f2d3f14b6e7,8,新文本,approved
serialized_c818438242576416,exact,*,DebugUIBitField/Content/DebugUI Toggle 29/Text,f478f696a3f6cd9b1979515e7c0d95da503f346c7ba46ab1dc404f2d3f14b6e7,8,新文本,approved
serialized_0c63f32242626616,exact,*,DebugUIBitField/Content/DebugUI Toggle 3/Text,f478f696a3f6cd9b1979515e7c0d95da503f346c7ba46ab1dc404f2d3f14b6e7,8,新文本,approved
serialized_b610808025b713f2,exact,*,DebugUIBitField/Content/DebugUI Toggle 30/Text,f478f696a3f6cd9b1979515e7c0d95da503f346c7ba46ab1dc404f2d3f14b6e7,8,新文本,approved
serialized_fb02639a8bfb0048,exact,*,DebugUIBitField/Content/DebugUI Toggle 31/Text,f478f696a3f6cd9b1979515e7c0d95da503f346c7ba46ab1dc404f2d3f14b6e7,8,新文本,approved
serialized_bbd89d72c5cd85ab,exact,*,DebugUIBitField/Content/DebugUI Toggle 4/Text,f478f696a3f6cd9b1979515e7c0d95da503f346c7ba46ab1dc404f2d3f14b6e7,8,新文本,approved
serialized_031d81f3b601084b,exact,*,DebugUIBitField/Content/DebugUI Toggle 5/Text,f478f696a3f6cd9b1979515e7c0d95da503f346c7ba46ab1dc404f2d3f14b6e7,8,新文本,approved
serialized_d6b22a3785884f26,exact,*,DebugUIBitField/Content/DebugUI Toggle 6/Text,f478f696a3f6cd9b1979515e7c0d95da503f346c7ba46ab1dc404f2d3f14b6e7,8,新文本,approved
serialized_d3dbfb4ee9db8196,exact,*,DebugUIBitField/Content/DebugUI Toggle 7/Text,f478f696a3f6cd9b1979515e7c0d95da503f346c7ba46ab1dc404f2d3f14b6e7,8,新文本,approved
serialized_33edaa62f6828a14,exact,*,DebugUIBitField/Content/DebugUI Toggle 8/Text,f478f696a3f6cd9b1979515e7c0d95da503f346c7ba46ab1dc404f2d3f14b6e7,8,新文本,approved
serialized_ce1fb5699573ef73,exact,*,DebugUIBitField/Content/DebugUI Toggle 9/Text,f478f696a3f6cd9b1979515e7c0d95da503f346c7ba46ab1dc404f2d3f14b6e7,8,新文本,approved
serialized_3255fc0a4e39c446,exact,*,DebugUIBitField/Header/Text,8508a8209d79604dab60c607bbe622c26698b7e56b95db35af06ab06b23b74de,9,"位字段
",approved
serialized_47ced33464665a14,exact,*,DebugUIButton/Text,707eab0c23ecbf6e5382ba61a346bc76aefee81303280fc0e08e59df18afbf8a,6,按钮,approved
serialized_fc17a693784851f6,exact,*,DebugUIColor/Content/A/Float,5feceb66ffc86f38d952786c6d696c79c2dbc239dd4e91b46729d73a27fb57e9,1,0,approved
serialized_c0dbecff2a41b412,exact,*,DebugUIColor/Content/B/Float,5feceb66ffc86f38d952786c6d696c79c2dbc239dd4e91b46729d73a27fb57e9,1,0,approved
serialized_bf9dd0b495344c0d,exact,*,DebugUIColor/Content/G/Float,5feceb66ffc86f38d952786c6d696c79c2dbc239dd4e91b46729d73a27fb57e9,1,0,approved
serialized_545290b5174631ca,exact,*,DebugUIColor/Content/G/Text,333e0a1e27815d0ceee55c473fe3dc93d56c63e3bee2b3b4aee8eed6d70191a3,1,G,approved
serialized_5f54ff992b2126c9,exact,*,DebugUIColor/Content/R/Float,5feceb66ffc86f38d952786c6d696c79c2dbc239dd4e91b46729d73a27fb57e9,1,0,approved
serialized_cdba21982af1a3f3,exact,*,DebugUIColor/Header/Text,20a69420a36411e440450ac2a59f69f4337988b6b00a171eba320a0742406411,6,"颜色
",approved
serialized_560b2b645d5c97b0,exact,*,DebugUIEnumField/Panel/Decrement,dabd3aff769f07eb2965401eb029974ebba3407afd02b26ddb564ea5f8efae72,1,<,approved
serialized_2bbc01441b5ea8c8,exact,*,DebugUIEnumField/Panel/Increment,62b67e1f685b7fef51102005dddd27774be3fee38c42965c53aab035d0b6b221,1,>,approved
serialized_02ca6bd705005174,exact,*,DebugUIEnumField/Panel/Value,54108dafaac5aca21c195078149151f46c91f5d7fa036238bcd4f1d0dc2cacf7,4,枚举,approved
serialized_99b7fe428d068d79,exact,*,DebugUIEnumField/Text,3b3b53c2a6bdd088d8b0fa6b73274972db439f6ae25393f680a77d6112cded94,6,wibble,approved
serialized_eb7b428191dfc41b,exact,*,DebugUIEnumHistory/Text,f478f696a3f6cd9b1979515e7c0d95da503f346c7ba46ab1dc404f2d3f14b6e7,8,新文本,approved
serialized_1808ae04e341f435,exact,*,DebugUIEnumHistory/Value,45450da3c473a55402853f4b5d84bdffda1374568bb0645f3090e9ba9faf5bdf,5,< 0 >,approved
serialized_dc3c8a2ab00974fc,exact,*,DebugUIFloatField/Panel/<,dabd3aff769f07eb2965401eb029974ebba3407afd02b26ddb564ea5f8efae72,1,<,approved
serialized_62453bc12e15c70d,exact,*,DebugUIFloatField/Panel/<<<,bca39427ce4cc155156a3bb972c8298cce862c873d51dbb27074daa274763787,3,<<<,approved
serialized_1fe0694bd467280f,exact,*,DebugUIFloatField/Panel/>,62b67e1f685b7fef51102005dddd27774be3fee38c42965c53aab035d0b6b221,1,>,approved
serialized_f38e2821be0988b6,exact,*,DebugUIFloatField/Panel/>>>,e93521b2f399211140a1bc409fae86b41f5256ae32d28caf64628dd1e2748f25,3,>>>,approved
serialized_c97620c13eececb1,exact,*,DebugUIFloatField/Text,f478f696a3f6cd9b1979515e7c0d95da503f346c7ba46ab1dc404f2d3f14b6e7,8,新文本,approved
serialized_5eb337d3e2a35437,exact,*,DebugUIFoldout/Header/Text,b4e492c53f54e75f0a5356b4fa5d8cca100ad7936377a0dd40e5045558c75943,8,"折叠面板
",approved
serialized_c5eb9c188265bdc8,exact,*,DebugUIGroup/Header/Text,e16cde33ee4b450e96b158916e71d4dcc795013fac69e24246188a064b362025,7,折叠面板,approved
serialized_eb33608b5bce349c,exact,*,DebugUIIntField/Panel/<,dabd3aff769f07eb2965401eb029974ebba3407afd02b26ddb564ea5f8efae72,1,<,approved
serialized_357db43059eee7a8,exact,*,DebugUIIntField/Panel/<<<,bca39427ce4cc155156a3bb972c8298cce862c873d51dbb27074daa274763787,3,<<<,approved
serialized_313a40a6976c12aa,exact,*,DebugUIIntField/Panel/>,62b67e1f685b7fef51102005dddd27774be3fee38c42965c53aab035d0b6b221,1,>,approved
serialized_f2135a48dc7e863c,exact,*,DebugUIIntField/Panel/>>>,e93521b2f399211140a1bc409fae86b41f5256ae32d28caf64628dd1e2748f25,3,>>>,approved
serialized_40bc08f82f32aa53,exact,*,DebugUIIntField/Panel/Int,9a271f2a916b0b6ee6cecb2426f0b3206ef074578be55d9bc94f6f3fe3ab86aa,2,"0
",approved
serialized_2bb6595e160441ad,exact,*,DebugUIIntField/Text,f478f696a3f6cd9b1979515e7c0d95da503f346c7ba46ab1dc404f2d3f14b6e7,8,新文本,approved
serialized_654714fdfe1aa68d,exact,*,DebugUIMessageBox/Text,02139aeb8beb33c2b046ed83cb14a9e641b6fb52e0c984314f165f42e9ebe572,13,"消息文本
",approved
serialized_e46a5afc5141e49c,exact,*,DebugUIObject/Text,f478f696a3f6cd9b1979515e7c0d95da503f346c7ba46ab1dc404f2d3f14b6e7,8,新文本,approved
serialized_1ebafd3a6e18119d,exact,*,DebugUIObject/Value,3973e022e93220f9212c18d0d0c543ae7c309e46640da93a4a0314de999f5112,1,-,approved
serialized_abef844258d1b820,exact,*,DebugUIObjectList/Panel/Decrement,dabd3aff769f07eb2965401eb029974ebba3407afd02b26ddb564ea5f8efae72,1,<,approved
serialized_eb8a71a0e0db6ee9,exact,*,DebugUIObjectList/Panel/Increment,62b67e1f685b7fef51102005dddd27774be3fee38c42965c53aab035d0b6b221,1,>,approved
serialized_3eb9ca2c4b646a7f,exact,*,DebugUIObjectList/Panel/Value,54108dafaac5aca21c195078149151f46c91f5d7fa036238bcd4f1d0dc2cacf7,4,枚举,approved
serialized_496d6328fe9d17e3,exact,*,DebugUIObjectList/Text,3b3b53c2a6bdd088d8b0fa6b73274972db439f6ae25393f680a77d6112cded94,6,wibble,approved
serialized_e90519be6a30ea8d,exact,*,DebugUIObjectPopupField/Panel/Decrement,dabd3aff769f07eb2965401eb029974ebba3407afd02b26ddb564ea5f8efae72,1,<,approved
serialized_13ceefc2091fa598,exact,*,DebugUIObjectPopupField/Panel/Increment,62b67e1f685b7fef51102005dddd27774be3fee38c42965c53aab035d0b6b221,1,>,approved
serialized_47c3bda2f0551224,exact,*,DebugUIObjectPopupField/Panel/Value,54108dafaac5aca21c195078149151f46c91f5d7fa036238bcd4f1d0dc2cacf7,4,枚举,approved
serialized_a434845b21fd4eac,exact,*,DebugUIObjectPopupField/Text,3b3b53c2a6bdd088d8b0fa6b73274972db439f6ae25393f680a77d6112cded94,6,wibble,approved
serialized_4275a5cb3203ff5a,exact,*,DebugUIPanel/Footer/Panel/Reset Button/Text,daee7606b339f3c339076fe2c9f372a3ff40c8ee896005d829c7481b64ca5303,5,重置,approved
serialized_7e42380663e488f0,exact,*,DebugUIPanel/Header/Panel/Next/Text,e93521b2f399211140a1bc409fae86b41f5256ae32d28caf64628dd1e2748f25,3,>>>,approved
serialized_4598ca191d12643e,exact,*,DebugUIPanel/Header/Panel/Previous/Text,bca39427ce4cc155156a3bb972c8298cce862c873d51dbb27074daa274763787,3,<<<,approved
serialized_e769d0cf7e338752,exact,*,DebugUIPanel/Header/Panel/Title,a3bd42ab64a5a1fb358e159ef450b1befe3f9153914d7d847120939b1e4d0c21,11,面板标题,approved
serialized_8ac5f610e1e76242,exact,*,DebugUIProgressBar/Panel/Value,4bbdae413f96e0857efa1e6e95a92097125a8b5092117c3263cbcfd16ee98867,4,"0 %
",approved
serialized_3e3c26d9e0364552,exact,*,DebugUIProgressBar/Text,f478f696a3f6cd9b1979515e7c0d95da503f346c7ba46ab1dc404f2d3f14b6e7,8,新文本,approved
serialized_57ca8be88830cde3,exact,*,DebugUIRow/Header/Text,b4e492c53f54e75f0a5356b4fa5d8cca100ad7936377a0dd40e5045558c75943,8,"折叠面板
",approved
serialized_90e6678b9bda930c,exact,*,DebugUIToggle/Text,f478f696a3f6cd9b1979515e7c0d95da503f346c7ba46ab1dc404f2d3f14b6e7,8,新文本,approved
serialized_8422256b3f5f10cb,exact,*,DebugUIToggleHistory/Text,94ee059335e587e501cc4bf90613e0814f00a7b08bc7c648fd865a2af6a22cc2,4,测试,approved
serialized_0ecf6d78429f3006,exact,*,DebugUIUIntField/Panel/<,dabd3aff769f07eb2965401eb029974ebba3407afd02b26ddb564ea5f8efae72,1,<,approved
serialized_b0e557edc67014d9,exact,*,DebugUIUIntField/Panel/<<<,bca39427ce4cc155156a3bb972c8298cce862c873d51dbb27074daa274763787,3,<<<,approved
serialized_2f99eb03228b5fe9,exact,*,DebugUIUIntField/Panel/>,62b67e1f685b7fef51102005dddd27774be3fee38c42965c53aab035d0b6b221,1,>,approved
serialized_373d75224ef56462,exact,*,DebugUIUIntField/Panel/>>>,e93521b2f399211140a1bc409fae86b41f5256ae32d28caf64628dd1e2748f25,3,>>>,approved
serialized_70f65e201bc932ba,exact,*,DebugUIUIntField/Panel/UInt,9a271f2a916b0b6ee6cecb2426f0b3206ef074578be55d9bc94f6f3fe3ab86aa,2,0,approved
serialized_3b1ae623c7c33953,exact,*,DebugUIUIntField/Text,f478f696a3f6cd9b1979515e7c0d95da503f346c7ba46ab1dc404f2d3f14b6e7,8,新文本,approved
serialized_16baae583b2c3730,exact,*,DebugUIValue/Text,f478f696a3f6cd9b1979515e7c0d95da503f346c7ba46ab1dc404f2d3f14b6e7,8,新文本,approved
serialized_923703db8c42cbcf,exact,*,DebugUIValue/Value,3973e022e93220f9212c18d0d0c543ae7c309e46640da93a4a0314de999f5112,1,-,approved
serialized_4cae6b91af416c37,exact,*,DebugUIValuePersistent/Text,f478f696a3f6cd9b1979515e7c0d95da503f346c7ba46ab1dc404f2d3f14b6e7,8,新文本,approved
serialized_5956df93e3881b5d,exact,*,DebugUIValuePersistent/Value,3973e022e93220f9212c18d0d0c543ae7c309e46640da93a4a0314de999f5112,1,-,approved
serialized_4cd6c80cb6935611,exact,*,DebugUIValueTuple/Text,f478f696a3f6cd9b1979515e7c0d95da503f346c7ba46ab1dc404f2d3f14b6e7,8,新文本,approved
serialized_ad1043f9c1670cac,exact,*,DebugUIValueTuple/Value,3973e022e93220f9212c18d0d0c543ae7c309e46640da93a4a0314de999f5112,1,-,approved
serialized_c49cc11dd129421a,exact,*,DebugUIVector2/Content/X/Float,5feceb66ffc86f38d952786c6d696c79c2dbc239dd4e91b46729d73a27fb57e9,1,0,approved
serialized_9d251cc5b9def9c8,exact,*,DebugUIVector2/Content/Y/Float,5feceb66ffc86f38d952786c6d696c79c2dbc239dd4e91b46729d73a27fb57e9,1,0,approved
serialized_0b2c9dea0a71c2d2,exact,*,DebugUIVector2/Header/Text,e494d4f0078385a17b8d1dae21ff5544ef91905533a4d34a4fb543585edeadc4,8,"Vector2
",approved
serialized_d714851172dd1533,exact,*,DebugUIVector3/Content/X/Float,5feceb66ffc86f38d952786c6d696c79c2dbc239dd4e91b46729d73a27fb57e9,1,0,approved
serialized_32d6620c0373e3b7,exact,*,DebugUIVector3/Content/Y/Float,5feceb66ffc86f38d952786c6d696c79c2dbc239dd4e91b46729d73a27fb57e9,1,0,approved
serialized_7e671851fda706fe,exact,*,DebugUIVector3/Content/Z/Float,5feceb66ffc86f38d952786c6d696c79c2dbc239dd4e91b46729d73a27fb57e9,1,0,approved
serialized_5276d6d75dbbf201,exact,*,DebugUIVector3/Content/Z/Text,bbeebd879e1dff6918546dc0c179fdde505f2a21591c9a9c96e36b054ec5af83,1,Z,approved
serialized_324e24b176a9524c,exact,*,DebugUIVector3/Header/Text,5b40b03084578fcb169d710575d182fbd441d99dc1710eebfed32d20902905f5,8,"Vector4
",approved
serialized_1aa2239ff1a6a723,exact,*,DebugUIVector4/Content/W/Float,5feceb66ffc86f38d952786c6d696c79c2dbc239dd4e91b46729d73a27fb57e9,1,0,approved
serialized_2f4b572949b5fd12,exact,*,DebugUIVector4/Content/X/Float,5feceb66ffc86f38d952786c6d696c79c2dbc239dd4e91b46729d73a27fb57e9,1,0,approved
serialized_a8847cee4bac1ed7,exact,*,DebugUIVector4/Content/Y/Float,5feceb66ffc86f38d952786c6d696c79c2dbc239dd4e91b46729d73a27fb57e9,1,0,approved
serialized_36d59f41e2055e3a,exact,*,DebugUIVector4/Content/Z/Float,5feceb66ffc86f38d952786c6d696c79c2dbc239dd4e91b46729d73a27fb57e9,1,0,approved
serialized_1b092f099c9efdf1,exact,*,DebugUIVector4/Content/Z/Text,bbeebd879e1dff6918546dc0c179fdde505f2a21591c9a9c96e36b054ec5af83,1,Z,approved
serialized_4fee22fae2bca099,exact,*,DebugUIVector4/Header/Text,5b40b03084578fcb169d710575d182fbd441d99dc1710eebfed32d20902905f5,8,"Vector4
",approved
serialized_2b20fe3601d8b6c1,exact,*,DialogueManager/DialogueCanvas/GameObject/CharacterBorder/DialogueName,1405a63e8a78b85c1b035b3c5277e3cc39fa98621c110bc522c85547d8afab1a,9,角色,approved
serialized_074e4cbea5814c4a,exact,*,DialogueManager/DialogueCanvas/GameObject/DialogueText,62bb1b911e341016d569fc3e0ca85572117b40734385b4c3e274a6629919007c,244,做得好！我们已经进入图书馆。要前往下一关，必须找到这片区域里的钥匙。小心怪物，它们潜伏在黑暗中，我们必须保持警惕。记住，每走一步，怪物也会移动。 ,approved
serialized_2461d0abbc46cf91,exact,*,DialogueManager/DialogueCanvas/GameObject/SkipDialogue/Text (TMP),28d03596d24eeb4eab2d6fe21ca1cb95be7cb1fa6f92933db05e2cc4f4cdfa06,4,跳过,approved
serialized_c352c3a26914804c,exact,*,SpeedrunManager/Canvas/FinalCanvas/CCLabel,90ab2fbf7f7f3158e3a4f7447cb1610746448e9c1563d492e44c62869d486efb,24,已收集收藏品： ,approved
serialized_7fae183ae6156a85,exact,*,SpeedrunManager/Canvas/FinalCanvas/CTLabel,17fcf60ec0cce715e4bc7b7e09d32c2402aab3db16b89f3960d1057b4c5a22e9,11,完成时间：,approved
serialized_c818e7ed9dd06340,exact,*,SpeedrunManager/Canvas/FinalCanvas/CloseButton/TitleText,7d9eb7acb13e24625c404401d8e88b2350e32162455885f18276cf802f7701ed,5,关闭,approved
serialized_5d32847359b0ce12,exact,*,SpeedrunManager/Canvas/FinalCanvas/SALabel,8609e8602c2906c13fe2278eaf466d3c23cbda9d4c5e7d0b78c321e5c07c2e6b,13,获得 A+ 的关卡： ,approved
serialized_e2bf584822675bb7,exact,*,SpeedrunManager/Canvas/FinalCanvas/SCLabel,ae2a36ffa6c674f2de5c5d38092a2607c51d5eccbd535d7539fe63e95712bc07,16,已完成关卡： ,approved
serialized_357db924c62873c5,exact,*,SpeedrunManager/Canvas/FinalCanvas/TitleText,4d3165bd0c2b3bf5f5c576704537c60f79a7dcf1114b342ae197bb464d3f4067,18,速通完成！,approved
serialized_0f5c58cba2a0f39b,exact,*,SpeedrunManager/Canvas/FinalCanvas/Verification,2f7f07682d78348998ebeefe74bf65fe1c4f640d1a920f286f8d9dad1b123e0c,6,代码： ,approved
serialized_757758257892dc23,exact,*,SpeedrunManager/Canvas/ThankYouCanvas/ThankYouNote/CloseButton/TitleText,7d9eb7acb13e24625c404401d8e88b2350e32162455885f18276cf802f7701ed,5,关闭,approved
serialized_acd94df382c30d00,exact,*,SpeedrunManager/Canvas/ThankYouCanvas/ThankYouNote/ThankYouText,ea95cefc3d6673671b007d947155869b2e0d199b98c0c00289d2dae97733d364,312,恭喜！这标志着 Erratum：第一章的结束。希望你喜欢我们的游戏；作为一个工作室，我们迫不及待想让你探索未来的更新与项目！欢迎加入社交媒体上的社区，告诉我们你对这次体验的看法。在此期间，蒂尔德和韦兹古斯会想念你的！,approved
serialized_098e652aeba3fc53,exact,*,SpeedrunManager/Canvas/ThankYouCanvas/ThankYouNote/TitleText,cdd2fb2d19c934d9a56255c937b731d4bd82a5d40c4909e49a0968c9344bb4da,10,谢谢！,approved
serialized_cbcc4d4fcff440f8,exact,*,UIManager/GameOverCanvas/AlternativeStageButton/Text (TMP),4d8357a012e7ce000781115d20bda7da7f015976d330b922005eafa6b1bff0fc,26,有其他地图可用！,approved
serialized_0765f16eca7a4a78,exact,*,UIManager/GameOverCanvas/GameOverExitButton/Text (TMP),d17d84a604994b722db37b35860b1ac7e8d9e43e725d0eb50702a9f7228a2999,4,退出,approved
serialized_952e986105c1c96d,exact,*,UIManager/GameOverCanvas/GameOverReplayButton/Text (TMP),82959974e9e29f102ebc1b02c9592f1dfe9b67f4e6c7daf26e95294e5e501039,10,再玩一次,approved
serialized_a71e3094e8de0c9c,exact,*,UIManager/GameOverCanvas/Text,71f10eb014cbdf8bd8d800a3e244226b92197ed0137371cddf77f5e18224b1d1,9,游戏结束,approved
serialized_91e7b03086d796c6,exact,*,UIManager/Gameplay/ExitPanel/ResetMapButton/Text (TMP),6ada28745f14dd60dbe5dc2b648e57f67ca6e127a018575d3f02bcd81325e3f7,9,重置地图,approved
serialized_8c198a475be46783,exact,*,UIManager/Gameplay/ExitPanel/ReturnButton/Text (TMP),b8d99df1066e656219062abd3b949249d34060517eb78640da3f1e6a807c273a,7,返回,approved
serialized_078d24d814672c2d,exact,*,UIManager/Gameplay/ExitPanel/Scramble/Text (TMP),04e41c6b93a30a5ecee3f57c641edf21a24bafd0454832ff725c09ea567a6125,18,打乱位置,approved
serialized_04ab449d9486d172,exact,*,UIManager/Gameplay/ExitPanel/Text (TMP),96ab1e7c8f9bdc234a8fddc145983afd70e283e0e5ffbb0bae32e9a7521731bb,12,重置关卡？,approved
serialized_795bed9a818e3de4,exact,*,UIManager/Gameplay/MenuPanel/Book/SettingsMenuPanel/Buttons/SettingsGameplay/Text (TMP),31bcb8940fffb7d1328e4d989be6708a48e564d490a873652d6ea64f58156711,8,游戏玩法,approved
serialized_1475e59b84a1a4dc,exact,*,UIManager/Gameplay/MenuPanel/Book/SettingsMenuPanel/Buttons/SettingsSound/Text (TMP),46124e023603420f8670526e3eb9a603935e8916cb8e0428ea84bbe42d85d297,5,声音,approved
serialized_2e26869d055c79d8,exact,*,UIManager/Gameplay/MenuPanel/Book/SettingsMenuPanel/DebugSettings/Viewport/Content/Button/Text (TMP),f942d1e183d020b635794546c43b30dc4da379b9bbc0c3a1ab5f1191fdb605e1,11,删除存档,approved
serialized_044ac45bb77f5993,exact,*,UIManager/Gameplay/MenuPanel/Book/SettingsMenuPanel/DebugSettings/Viewport/Content/Debug/Text (TMP),5166b427e058fc7b521ff00300c66db8411482bc718b5c57d7cde12932ef1043,13,调试模式开启,approved
serialized_29c5071b24facc7a,exact,*,UIManager/Gameplay/MenuPanel/Book/SettingsMenuPanel/DebugSettings/Viewport/Content/DebugCode/Button/Text (TMP),49e49bb4401e67bd54ffe1e9ab6c2af87ddad0cdc8ca1c84ba1b4e94234438ba,8,生成,approved
serialized_0f6bbb416c0ca106,exact,*,UIManager/Gameplay/MenuPanel/Book/SettingsMenuPanel/DebugSettings/Viewport/Content/DebugCode/Text (TMP),533a839c96ded0f37d8de00c9a98530dbc116b4e77a87f2484a8dbb1104b58c2,10,调试代码,approved
serialized_a9601ec25609836e,exact,*,UIManager/Gameplay/MenuPanel/Book/SettingsMenuPanel/DebugSettings/Viewport/Content/EasyMode/Text (TMP),8307dce6de1c1526aaac98db0c8a58bca365e523a9949c64a5065db3a8e7ce61,9,简易模式,approved
serialized_ff0311a91359353e,exact,*,UIManager/Gameplay/MenuPanel/Book/SettingsMenuPanel/DebugSettings/Viewport/Content/LightingMode/Text (TMP),dd730cebcca12f35312a61d55a4a4100d7124068c2151595dd01e44d5722b175,13,照明模式,approved
serialized_1ef54376a3f488e3,exact,*,UIManager/Gameplay/MenuPanel/Book/SettingsMenuPanel/DebugSettings/Viewport/Content/MoveSpeed/Text (TMP),264e2bd40c1853d5c30adec154d443186f75414995d2f27cfcb7969f9f41f893,10,移动速度,approved
serialized_da0e2a31d9fe2d61,exact,*,UIManager/Gameplay/MenuPanel/Book/SettingsMenuPanel/DebugSettings/Viewport/Content/RoguelikeMode/Text (TMP),2815c5af1e32157e9b6b2ca41648355f6f0d2c64b5625f1351456ad2f45fdcc3,14,肉鸽模式,approved
serialized_c6a861d6702c345c,exact,*,UIManager/Gameplay/MenuPanel/Book/SettingsMenuPanel/DebugSettings/Viewport/Content/RoguelikeType/Text (TMP),86958b91b8535877f9bb010e09e057bfbc64513a7c91662df3fd7a110617dbef,18,同时打乱玩家,approved
serialized_bb83a157b0afc744,exact,*,UIManager/Gameplay/MenuPanel/Book/SettingsMenuPanel/DebugSettings/Viewport/Content/SpeedMode/Text (TMP),c795f88a83def7a3cbd5595fca71f880d982c59c50e41bea0ca387751281a4a6,10,速度模式,approved
serialized_f77a63c05bffa54a,exact,*,UIManager/Gameplay/MenuPanel/Book/SettingsMenuPanel/DebugSettings/Viewport/Content/Status Message/Text,533a839c96ded0f37d8de00c9a98530dbc116b4e77a87f2484a8dbb1104b58c2,10,调试代码,approved
serialized_118d1e6890a15637,exact,*,UIManager/Gameplay/MenuPanel/Book/SettingsMenuPanel/DebugSettings/Viewport/Content/Unlock All/Button/Text (TMP),4ac709aa58bcfe5dca223072cd22986a2ad4e15f577c344466851b65322e416c,6,解锁,approved
serialized_c8a00be1267d84fa,exact,*,UIManager/Gameplay/MenuPanel/Book/SettingsMenuPanel/DebugSettings/Viewport/Content/Unlock All/Text (TMP),59b3d9293ab54300f8c5ce96ea06eea0b5646d9db24cc17498cae6a006fb52d8,10,全部解锁,approved
serialized_4b0173e7a2305556,exact,*,UIManager/Gameplay/MenuPanel/Book/SettingsMenuPanel/DebugSettings/Viewport/Content/Unlock Collectibles/Button/Text (TMP),4ac709aa58bcfe5dca223072cd22986a2ad4e15f577c344466851b65322e416c,6,解锁,approved
serialized_0daca3422f5584c2,exact,*,UIManager/Gameplay/MenuPanel/Book/SettingsMenuPanel/DebugSettings/Viewport/Content/Unlock Collectibles/Text (TMP),25562e29e2a63cfaee53f0c7afe602da8565a4cc297e9cbbb2e24b766a50ea2c,23,解锁所有收藏品,approved
serialized_7922436603ac1847,exact,*,UIManager/Gameplay/MenuPanel/Book/SettingsMenuPanel/DebugSettings/Viewport/Content/Unlock Stages/Button/Text (TMP),4ac709aa58bcfe5dca223072cd22986a2ad4e15f577c344466851b65322e416c,6,解锁,approved
serialized_bc3ef4e1a40d4ea2,exact,*,UIManager/Gameplay/MenuPanel/Book/SettingsMenuPanel/DebugSettings/Viewport/Content/Unlock Stages/Text (TMP),9b5e3e9cf2ee80b8ad04d867b39ba06708edc21ebb90064c9f7db6a6513b2d52,17,解锁所有关卡,approved
serialized_d7b01909c5cea1d5,exact,*,UIManager/Gameplay/MenuPanel/Book/SettingsMenuPanel/DebugSettings/Viewport/Content/WaitButton/Text (TMP),f9ff3305c25ccceeb5dcb40a6ca3da91412640fac9ac4db9be9ae567fe5fa05a,14,开启等待按钮,approved
serialized_35b5dc4e22ed6474,exact,*,UIManager/Gameplay/MenuPanel/Book/SettingsMenuPanel/GamepadControlsPopUp/Background/Scroll View/Viewport/Content/Interact/ResetToDefaultButton/Text,daee7606b339f3c339076fe2c9f372a3ff40c8ee896005d829c7481b64ca5303,5,重置,approved
serialized_3c63cec3ce21bca6,exact,*,UIManager/Gameplay/MenuPanel/Book/SettingsMenuPanel/GamepadControlsPopUp/Background/Scroll View/Viewport/Content/Interact/Text,04adda4ac0c788b8fd0d1ab8ac3ac5e4f88d92504a0c8f501ae0a7fc11317275,8,互动,approved
serialized_190e4c411e80d650,exact,*,UIManager/Gameplay/MenuPanel/Book/SettingsMenuPanel/GamepadControlsPopUp/Background/Scroll View/Viewport/Content/Lux/ResetToDefaultButton/Text,daee7606b339f3c339076fe2c9f372a3ff40c8ee896005d829c7481b64ca5303,5,重置,approved
serialized_7968c14e71d51264,exact,*,UIManager/Gameplay/MenuPanel/Book/SettingsMenuPanel/GamepadControlsPopUp/Background/Scroll View/Viewport/Content/Pause/ResetToDefaultButton/Text,daee7606b339f3c339076fe2c9f372a3ff40c8ee896005d829c7481b64ca5303,5,重置,approved
serialized_6b45f55bafdb58c7,exact,*,UIManager/Gameplay/MenuPanel/Book/SettingsMenuPanel/GamepadControlsPopUp/Background/Scroll View/Viewport/Content/Pause/Text,858e4ba7a29fd38b630ed73a79e2738333b3fc6778fafa90252f5556c1262fdc,5,暂停,approved
serialized_33f9f04789fa347a,exact,*,UIManager/Gameplay/MenuPanel/Book/SettingsMenuPanel/GamepadControlsPopUp/Background/Scroll View/Viewport/Content/Pause/TriggerRebindButton/ActionBindingText,e4bb9f1ece9af9264a3b9e3913bbdb2cf497457167b14ced5f85688bfde74644,5,开始,approved
serialized_d241d367bbe51dfa,exact,*,UIManager/Gameplay/MenuPanel/Book/SettingsMenuPanel/GamepadControlsPopUp/Background/Scroll View/Viewport/Content/Restart/ResetToDefaultButton/Text,daee7606b339f3c339076fe2c9f372a3ff40c8ee896005d829c7481b64ca5303,5,重置,approved
serialized_019223224ff09e47,exact,*,UIManager/Gameplay/MenuPanel/Book/SettingsMenuPanel/GamepadControlsPopUp/Background/Scroll View/Viewport/Content/Restart/Text,6b983a81e5e8099e4e23a368e72636e31f029f2e691e5be714106b8cf59d70a7,7,重新开始,approved
serialized_8da3505024fec6f7,exact,*,UIManager/Gameplay/MenuPanel/Book/SettingsMenuPanel/GamepadControlsPopUp/Background/Scroll View/Viewport/Content/Wait/ResetToDefaultButton/Text,daee7606b339f3c339076fe2c9f372a3ff40c8ee896005d829c7481b64ca5303,5,重置,approved
serialized_552f64466cc54e87,exact,*,UIManager/Gameplay/MenuPanel/Book/SettingsMenuPanel/GamepadControlsPopUp/Background/Scroll View/Viewport/Content/Wait/Text,26b83994dca8b4b483edc45464ba07a5bde05cb7e6c5c61bb2e66da9d1e15fc7,4,等待,approved
serialized_c1a9a40322ff85a8,exact,*,UIManager/Gameplay/MenuPanel/Book/SettingsMenuPanel/GamepadControlsPopUp/Background/Title,60b0fd72c118ad1b218bc1f50ad206c1ceacea3587e16b162b179a1227bc80a0,19,手柄控制,approved
serialized_9ee2d084afd98abe,exact,*,UIManager/Gameplay/MenuPanel/Book/SettingsMenuPanel/GamepadControlsPopUp/RebindOverlay/DuplicateWarning,130a3bfcd6aa0131141feb7c56b278383bb6e5d52e3705d7fca95f3a5c2237bb,37,按键已重复，请重试。,approved
serialized_faabb79886d6a844,exact,*,UIManager/Gameplay/MenuPanel/Book/SettingsMenuPanel/GamepadControlsPopUp/RebindOverlay/Text (TMP),3d40ea985fc50d337dcf0845617df562c9b3ab30bbd0475b5cd982b1af5fb233,23,等待按键绑定……,approved
serialized_3f456018a214cb1e,exact,*,UIManager/Gameplay/MenuPanel/Book/SettingsMenuPanel/GameplaySettings/Viewport/Content/Gamepad Controls/OpenGamepadControlsButton/Text (TMP),464c4ffd019e1e9691dcf0537c797353ef2b1c1d4833d3d463e5b74ae4547344,4,编辑,approved
serialized_0e9ad68b63b8afe6,exact,*,UIManager/Gameplay/MenuPanel/Book/SettingsMenuPanel/GameplaySettings/Viewport/Content/Gamepad Controls/Text,124e0720881b56149942ef46baa458ab4b61a9c50b8b8b75d64acc185b4a81e6,16,手柄控制,approved
serialized_0c8d5296a01f68af,exact,*,UIManager/Gameplay/MenuPanel/Book/SettingsMenuPanel/GameplaySettings/Viewport/Content/GridOpacitySlider/Text,2e19777e05a120e21c73dea90b281e563df8721b17f4612d0379a4c122654efd,12,网格不透明度,approved
serialized_2a84865610f635d4,exact,*,UIManager/Gameplay/MenuPanel/Book/SettingsMenuPanel/GameplaySettings/Viewport/Content/KeyboardControls/OpenKeyboardControlsButton/Text (TMP),464c4ffd019e1e9691dcf0537c797353ef2b1c1d4833d3d463e5b74ae4547344,4,编辑,approved
serialized_e9b0c3dc1a11422a,exact,*,UIManager/Gameplay/MenuPanel/Book/SettingsMenuPanel/GameplaySettings/Viewport/Content/KeyboardControls/Text,c430842ee866da1b7c4872728970912e6ebb0071ba73daa2c904e59b569aba2e,17,键盘控制,approved
serialized_47227c914587c177,exact,*,UIManager/Gameplay/MenuPanel/Book/SettingsMenuPanel/GameplaySettings/Viewport/Content/ShowDpad/Text,db93252b2be1d5fc07ced199f4de75e2b60baaa463a10efb6e886c75d2ff074f,21,显示移动按钮,approved
serialized_7c81a23fa8f09030,exact,*,UIManager/Gameplay/MenuPanel/Book/SettingsMenuPanel/GameplaySettings/Viewport/Content/SigilSize/Text,df0a6793c639d86c46d2934fd3f493295fb327a6bcbd7a56bf302bb09dcec11d,10,符印大小,approved
serialized_25a3903578258ac9,exact,*,UIManager/Gameplay/MenuPanel/Book/SettingsMenuPanel/GameplaySettings/Viewport/Content/SkipReset/Text,39bedaa7a99830101837aad56b7b822242cb8049c3c0cb586931785c6f5888ee,23,跳过重置确认,approved
serialized_6703c2ae3c7cf6a6,exact,*,UIManager/Gameplay/MenuPanel/Book/SettingsMenuPanel/GameplaySettings/Viewport/Content/TypingSpeed/Text,faaa194fd3f500089453aa1859bd3c101ff727cca36bc8302bfc75021034bc93,10,文字速度,approved
serialized_65b0632f02ccd02d,exact,*,UIManager/Gameplay/MenuPanel/Book/SettingsMenuPanel/KeyboardControlsPopUp/Background/Scroll View/Viewport/Content/Interact/ResetToDefaultButton/Text,daee7606b339f3c339076fe2c9f372a3ff40c8ee896005d829c7481b64ca5303,5,重置,approved
serialized_ee1bb7e0472a6d03,exact,*,UIManager/Gameplay/MenuPanel/Book/SettingsMenuPanel/KeyboardControlsPopUp/Background/Scroll View/Viewport/Content/Interact/Text,04adda4ac0c788b8fd0d1ab8ac3ac5e4f88d92504a0c8f501ae0a7fc11317275,8,互动,approved
serialized_7def264fcb2caeb2,exact,*,UIManager/Gameplay/MenuPanel/Book/SettingsMenuPanel/KeyboardControlsPopUp/Background/Scroll View/Viewport/Content/Lux/ResetToDefaultButton/Text,daee7606b339f3c339076fe2c9f372a3ff40c8ee896005d829c7481b64ca5303,5,重置,approved
serialized_03b10866630cdaac,exact,*,UIManager/Gameplay/MenuPanel/Book/SettingsMenuPanel/KeyboardControlsPopUp/Background/Scroll View/Viewport/Content/Move/ResetToDefaultButton/Text,daee7606b339f3c339076fe2c9f372a3ff40c8ee896005d829c7481b64ca5303,5,重置,approved
serialized_4f0fe2bf315a0a0d,exact,*,UIManager/Gameplay/MenuPanel/Book/SettingsMenuPanel/KeyboardControlsPopUp/Background/Scroll View/Viewport/Content/Move/Text,6ecc3df6bffdd06c58cd4f6e276929e119c8f653c53f5a6a5a5e66dfa1c3fc93,4,移动,approved
serialized_44fcdef4096624c7,exact,*,UIManager/Gameplay/MenuPanel/Book/SettingsMenuPanel/KeyboardControlsPopUp/Background/Scroll View/Viewport/Content/Pause/ResetToDefaultButton/Text,daee7606b339f3c339076fe2c9f372a3ff40c8ee896005d829c7481b64ca5303,5,重置,approved
serialized_661a80b9fa2ec8e4,exact,*,UIManager/Gameplay/MenuPanel/Book/SettingsMenuPanel/KeyboardControlsPopUp/Background/Scroll View/Viewport/Content/Pause/Text,858e4ba7a29fd38b630ed73a79e2738333b3fc6778fafa90252f5556c1262fdc,5,暂停,approved
serialized_46bbd79dc70a4a09,exact,*,UIManager/Gameplay/MenuPanel/Book/SettingsMenuPanel/KeyboardControlsPopUp/Background/Scroll View/Viewport/Content/Restart/ResetToDefaultButton/Text,daee7606b339f3c339076fe2c9f372a3ff40c8ee896005d829c7481b64ca5303,5,重置,approved
serialized_c1d7634426f3f8ee,exact,*,UIManager/Gameplay/MenuPanel/Book/SettingsMenuPanel/KeyboardControlsPopUp/Background/Scroll View/Viewport/Content/Restart/Text,6b983a81e5e8099e4e23a368e72636e31f029f2e691e5be714106b8cf59d70a7,7,重新开始,approved
serialized_a64d100a6c3ea097,exact,*,UIManager/Gameplay/MenuPanel/Book/SettingsMenuPanel/KeyboardControlsPopUp/Background/Scroll View/Viewport/Content/Wait/ResetToDefaultButton/Text,daee7606b339f3c339076fe2c9f372a3ff40c8ee896005d829c7481b64ca5303,5,重置,approved
serialized_b9945a03724dc394,exact,*,UIManager/Gameplay/MenuPanel/Book/SettingsMenuPanel/KeyboardControlsPopUp/Background/Scroll View/Viewport/Content/Wait/Text,26b83994dca8b4b483edc45464ba07a5bde05cb7e6c5c61bb2e66da9d1e15fc7,4,等待,approved
serialized_2550957d40b2bedd,exact,*,UIManager/Gameplay/MenuPanel/Book/SettingsMenuPanel/KeyboardControlsPopUp/Background/Title,799c269135742a36ae48dddf3a69c47c7d2a428a34e351f6da93ae6490101b47,8,控制,approved
serialized_1c3fd7a3168a48c1,exact,*,UIManager/Gameplay/MenuPanel/Book/SettingsMenuPanel/KeyboardControlsPopUp/RebindOverlay/DuplicateWarning,130a3bfcd6aa0131141feb7c56b278383bb6e5d52e3705d7fca95f3a5c2237bb,37,按键已重复，请重试。,approved
serialized_0689c2b798a6cf24,exact,*,UIManager/Gameplay/MenuPanel/Book/SettingsMenuPanel/KeyboardControlsPopUp/RebindOverlay/Text (TMP),3d40ea985fc50d337dcf0845617df562c9b3ab30bbd0475b5cd982b1af5fb233,23,等待按键绑定……,approved
serialized_19567c63c07e791e,exact,*,UIManager/Gameplay/MenuPanel/Book/SettingsMenuPanel/Title/TitleText,9fbb0fb06ef4495ef702365182f3157ef0d048f5a8ca5a2c062a023a85dd0589,9,"设置
",approved
serialized_486ec88ef46d3981,exact,*,UIManager/Gameplay/MenuPanel/Book/SettingsMenuPanel/VolumeSettings/Viewport/Content/8Bit/Text,960256232782e0cb8d2d5e5611e4c68d772aac337a39116b820f3cb0ed81bddc,20,启用重混音乐,approved
serialized_a4616af840ac5a94,exact,*,UIManager/Gameplay/MenuPanel/Book/SettingsMenuPanel/VolumeSettings/Viewport/Content/Music/Text,6eb00b4b2614a144d41ccdf709017a675953fae2df6cfd6b397bd9e4d8708461,5,音乐,approved
serialized_54ca45a863752b53,exact,*,UIManager/Gameplay/MenuPanel/Book/SettingsMenuPanel/VolumeSettings/Viewport/Content/SFX/Text,de7b57b57b05d02090b4091094e2117271e7df2bf17553017bb0c634ec3492c0,13,音效,approved
serialized_481f18a889b8e021,exact,*,UIManager/Gameplay/MenuPanel/Book/SettingsMenuPanel/VolumeSettings/Viewport/Content/SoundEnabled/Text,04c73e2411c432524c9d9db6a96bb6c3a8b6d1c5da9fd7575f34564d73c5d1b5,12,启用声音,approved
serialized_476f406f55d3488d,exact,*,UIManager/Gameplay/MenuPanel/Book/StageMenuPanel/Collectibles Section Header/Collectibles,90f564a7b77cbff7a108a5e2f2cbbaa44792516165abd7aee18db831a784585b,12,收藏品,approved
serialized_1cf90a8cf070ff1c,exact,*,UIManager/Gameplay/MenuPanel/Book/StageMenuPanel/ExitButton/Text (TMP),58a47a5bd784318790588b7aafeecbf380a0f6c56f02494a54387691a6a16372,8,退出地图,approved
serialized_cb9d56d7a6978f8b,exact,*,UIManager/Gameplay/MenuPanel/Book/StageMenuPanel/Objective Bg/Objective1,9dedcd38fd41bccf805dd5664a02663b3002d4c061f625dae9c30c8406c6d17f,11,目标 1,approved
serialized_4245ea7d554efd11,exact,*,UIManager/Gameplay/MenuPanel/Book/StageMenuPanel/Objective Bg/Objective2,3adce853d3b28bbcb4ab0d85efa0e622b69f3053374ed3bf4ea9a3822d2c4b98,11,目标 2,approved
serialized_c3f650a952847f4f,exact,*,UIManager/Gameplay/MenuPanel/Book/StageMenuPanel/Objective Bg/Objective3,209da0ae6face8403f071fcd103c3c14f59c5ecf4bd9fece2166f9e2a3ba063b,11,目标 3,approved
serialized_05aa4be7bcf0b4c3,exact,*,UIManager/Gameplay/MenuPanel/Book/StageMenuPanel/RestartButton/Text (TMP),daee7606b339f3c339076fe2c9f372a3ff40c8ee896005d829c7481b64ca5303,5,重置,approved
serialized_1e46a91559666a12,exact,*,UIManager/Gameplay/MenuPanel/Book/StageMenuPanel/Stage Flavor BG/Stage Flavortext,f478f696a3f6cd9b1979515e7c0d95da503f346c7ba46ab1dc404f2d3f14b6e7,8,新文本,approved
serialized_7e37202e7030280a,exact,*,UIManager/Gameplay/MenuPanel/Book/StageMenuPanel/Stage Num Bg/Stage Number,c2a61758e9f1e76b1badf76aa15864a0b03ca6f5e52153b1a8db241a3277282d,9,关卡 1-1,approved
serialized_4458b94da41035b5,exact,*,UIManager/Gameplay/MenuPanel/Book/StageMenuPanel/Title/TitleText,7500e5f67de50de6f61f58ecacd255b56e01e4fba5820a52005e2560838e84e9,10,关卡信息,approved
serialized_3186c5c65959fd41,exact,*,UIManager/InteractableTextCanvas/InteractableDialogueManager/DialogueText,9a87cca836cc216413cf43c5f1bbe308bd5dee0e5bdde3ace761fccfe7510431,11,我是蒂尔德。,approved
serialized_b35985a5880d6991,exact,*,UIManager/InteractableTextCanvas/InteractableDialogueManager/SkipDialogue/Text (TMP),28d03596d24eeb4eab2d6fe21ca1cb95be7cb1fa6f92933db05e2cc4f4cdfa06,4,跳过,approved
serialized_9e1f55883def400b,exact,*,UIManager/MapCompleteCanvas/AlternativeStageButton/Text (TMP),cd5c4887d179468b18a324269212a51f4fdff9c0e20091bee89bc54830cb5063,24,有多个地图可用！,approved
serialized_5cd37d59d59987fd,exact,*,UIManager/MapCompleteCanvas/SolidBackground/CompleteExitButton/Text (TMP),d17d84a604994b722db37b35860b1ac7e8d9e43e725d0eb50702a9f7228a2999,4,退出,approved
serialized_bcc385af733002f5,exact,*,UIManager/MapCompleteCanvas/SolidBackground/CompleteNextButton/Text (TMP),1ff57a29d7c9d11bdf61c1b80f2b289b44c1ea844824d4b94a0d52b6ba5fc858,4,下一步,approved
serialized_eb679e130ab37a7e,exact,*,UIManager/MapCompleteCanvas/SolidBackground/CompleteReplayButton/Text (TMP),c8dae6371b33b8d67fdbd138fd28e89eefbd7af6b764f282b0872812b06a150c,6,重玩,approved
serialized_acdf0db991dd0931,exact,*,UIManager/MapCompleteCanvas/SolidBackground/Objective1,9dedcd38fd41bccf805dd5664a02663b3002d4c061f625dae9c30c8406c6d17f,11,目标 1,approved
serialized_1a3a7c90b07e19b5,exact,*,UIManager/MapCompleteCanvas/SolidBackground/Objective1Icon/CollectiblePopUp/Text (TMP),8b4bbcfa09695233f484607134eaf4416de2db24cd23348454dade559dbe4286,10,简称,approved
serialized_5d4b7aef461764f7,exact,*,UIManager/MapCompleteCanvas/SolidBackground/Objective2,3adce853d3b28bbcb4ab0d85efa0e622b69f3053374ed3bf4ea9a3822d2c4b98,11,目标 2,approved
serialized_2b54b247d4afdfe3,exact,*,UIManager/MapCompleteCanvas/SolidBackground/Objective2Icon/CollectiblePopUp/Text (TMP),8b4bbcfa09695233f484607134eaf4416de2db24cd23348454dade559dbe4286,10,简称,approved
serialized_d2bb57619f793aef,exact,*,UIManager/MapCompleteCanvas/SolidBackground/Objective3,209da0ae6face8403f071fcd103c3c14f59c5ecf4bd9fece2166f9e2a3ba063b,11,目标 3,approved
serialized_e561b9b12b78343b,exact,*,UIManager/MapCompleteCanvas/SolidBackground/Objective3Icon/CollectiblePopUp/Text (TMP),8b4bbcfa09695233f484607134eaf4416de2db24cd23348454dade559dbe4286,10,简称,approved
serialized_f9b7b94c72d078c6,exact,*,UIManager/MapCompleteCanvas/SolidBackground/Text,30c3c66777ab0ec97d3e310a1bad36d6d743d5f52c6eb876bcad6fb288ce1527,12,关卡完成！,approved
serialized_9521864dee013441,exact,Main Menu,Menu/Canvas/Book/Pages/CreditsMenuPanel/Page1/CreditsBlurb (1)/Roles,e734766c197067e592916286650ba30a74ff5c3d68697fc3c809fef2d265de3e,48,"总监
副负责人
开发
开发
开发",approved
serialized_bfdc60f9dd7c0118,exact,Main Menu,Menu/Canvas/Book/Pages/CreditsMenuPanel/Page1/CreditsBlurb (1)/Team Name,21b6a798321a49f75b9c3827fa3cfdb7efe2c4e05c3d13aefe1c825b9774a158,11,开发,approved
serialized_312cd13ecd3f9558,exact,Main Menu,Menu/Canvas/Book/Pages/CreditsMenuPanel/Page1/CreditsBlurb/Roles,e08151ad11b53ec79f16973898993ad4ed6998e30776d06ed1235b897908cdf9,40,"执行总监
副总监
经理",approved
serialized_773b9fb30a49e6ec,exact,Main Menu,Menu/Canvas/Book/Pages/CreditsMenuPanel/Page2/CreditsBlurb (1)/Roles,bda05622aeb2c614de8550d12c74ea8733efb1c79fb2dd60035c6dc7d4a2e893,26,"总监
作曲
作曲",approved
serialized_f02e6d005022fb7d,exact,Main Menu,Menu/Canvas/Book/Pages/CreditsMenuPanel/Page2/CreditsBlurb (1)/Team Name,6eb00b4b2614a144d41ccdf709017a675953fae2df6cfd6b397bd9e4d8708461,5,音乐,approved
serialized_5af8bf512671133d,exact,Main Menu,Menu/Canvas/Book/Pages/CreditsMenuPanel/Page2/CreditsBlurb/Roles,9c7c21654a55a30eb02b838d623e42874c73e86123cce0d25b4e733a6a7d3d6f,92,"总监
概念艺术负责人
像素美术
像素美术
像素美术
像素美术
概念美术",approved
serialized_35f06e60adfcd655,exact,Main Menu,Menu/Canvas/Book/Pages/CreditsMenuPanel/Page2/CreditsBlurb/Team Name,75df3579c73089e317e5bf917f6b6cf1cb8d19f21ad70c15e70e431c3aa2a62a,3,美术,approved
serialized_2a001fdda4739ee2,exact,Main Menu,Menu/Canvas/Book/Pages/CreditsMenuPanel/Page3/CreditsBlurb (1)/Roles,414b8411e54b201e068ee6ee0d64ece3f0b7aca882f6bda855394016eef40e06,42,"总监
副负责人
界面设计
界面设计",approved
serialized_d7a4ab52a44384e1,exact,Main Menu,Menu/Canvas/Book/Pages/CreditsMenuPanel/Page3/CreditsBlurb (1)/Team Name,7c32699ff595e13b5c1315db137593163f4e28052592c776bea23471139b2422,2,界面,approved
serialized_e2a0746574c416d7,exact,Main Menu,Menu/Canvas/Book/Pages/CreditsMenuPanel/Page3/CreditsBlurb/Roles,6499fed90bf6345df85e01f1a5220f1547e94191b56d92d1a32fb2f31bf1238a,81,"总监
主负责人
特效设计
特效设计
特效设计
特效设计",approved
serialized_9a8d9a896a22d7b2,exact,Main Menu,Menu/Canvas/Book/Pages/CreditsMenuPanel/Page3/CreditsBlurb/Team Name,de7b57b57b05d02090b4091094e2117271e7df2bf17553017bb0c634ec3492c0,13,音效,approved
serialized_7d66bd93be384030,exact,Main Menu,Menu/Canvas/Book/Pages/CreditsMenuPanel/Page4/CreditsBlurb (1)/Roles,abe7582632cd21763145f16d9fc5128f3ea6b4fb19475333ae5067f93d8182ab,74,"总监
副负责人
游戏设计
游戏设计
游戏设计
游戏设计",approved
serialized_1dc517d96406f121,exact,Main Menu,Menu/Canvas/Book/Pages/CreditsMenuPanel/Page4/CreditsBlurb (1)/Team Name,095f9cb81c21d194b1dca881985ac10c8185bbcb1153e154a61dc8f7396b5b16,11,游戏设计,approved
serialized_e22814ab7b945922,exact,Main Menu,Menu/Canvas/Book/Pages/CreditsMenuPanel/Page4/CreditsBlurb/Roles,98d77b1858bb667e0cdf9f0a6a4716345bab9ebea42831bf1cb07beaaff417c8,93,"总监
世界观负责人
写作负责人
世界观构建
世界观构建
世界观构建
编剧
编剧",approved
serialized_c7da20816592c407,exact,Main Menu,Menu/Canvas/Book/Pages/CreditsMenuPanel/Page4/CreditsBlurb/Team Name,12593033bc5d791a872ef1b1a8f9f992bd600828d2551d0f2ab78150b17e2c9e,4,设定集,approved
serialized_d4cffa3e941d19e1,exact,Main Menu,Menu/Canvas/Book/Pages/CreditsMenuPanel/Page5/CreditsBlurb/Roles,2c3f251680bfe3ab834fcd65bd93035f2d3164491abe8912109ff317681fa766,58,"总监
副负责人
宣传
宣传",approved
serialized_3672c0a644bd7ebb,exact,Main Menu,Menu/Canvas/Book/Pages/CreditsMenuPanel/Page5/CreditsBlurb/Team Name,76f68a75f01ed76f5a02ada71a3765a38ef2c45ba99106ee5a4bd5678d7bbdd0,8,商务,approved
serialized_288c0bc7a03761c5,exact,Main Menu,Menu/Canvas/Book/Pages/CreditsMenuPanel/Title/TitleText,2c00c9aaa72c717ad6d901a09c4d698a68b2e9740be3769e0af7d6bd85d72d5d,7,作者,approved
serialized_ce3b19f6736255ef,exact,Main Menu,Menu/Canvas/Book/Pages/LoreMenuPanel/LoreCollectablePopUp/Background/BackButton/Text (TMP),76900f1bfd16c8d4dd3d25e6f46638d7165aee23883ccea6bfe071c514421769,4,返回,approved
serialized_089dad72812d7d51,exact,Main Menu,Menu/Canvas/Book/Pages/LoreMenuPanel/LoreCollectablePopUp/Background/CollectibleName,6852dc4396381c2a3913e21b62deae594fce431dd4c765a45b5e8ee74bae715c,16,收藏品名称,approved
serialized_bb0dd3dcf77251b5,exact,Main Menu,Menu/Canvas/Book/Pages/LoreMenuPanel/LoreCollectablePopUp/Background/From,c72c387608a27cbbac13565b1ebc79c931e841eff2b8ebc89c639cdf7e006ae5,8,来自 0-1,approved
serialized_6639035a939542b9,exact,Main Menu,Menu/Canvas/Book/Pages/LoreMenuPanel/LoreCollectablePopUp/Background/Scroll View/Viewport/Content/FlavorText,1c5eb2387ce39c023f922fbde4aa206e29f04824b6c5a78f1ddfcbf2def460d7,483,"墨水涂掉了一些词。以下是你能辨认出的内容：

致所有大法师档案管理员的紧急通知：当心 ████

鉴于近期发生的事件，强烈建议档案管理员远离校园图书馆的 ███ 区域。该区域已暂时封锁，直到 ████。
在另行通知前，档案管理员不得 ████。

无论如何，绝对、绝对、绝对不要 ████

谨致
管理层",approved
serialized_d81aec61820b321c,exact,Main Menu,Menu/Canvas/Book/Pages/LoreMenuPanel/Page1/Collectible1/From,c72c387608a27cbbac13565b1ebc79c931e841eff2b8ebc89c639cdf7e006ae5,8,来自 0-1,approved
serialized_e7d2b69d07c98ad8,exact,Main Menu,Menu/Canvas/Book/Pages/LoreMenuPanel/Page1/Collectible1/Name,b38fc6269e6e66fc9c2cfad7c7fc54b9d6b2bacf27f468c08e67d69ed5139402,12,借阅卡,approved
serialized_f32285a0ad4fc2c0,exact,Main Menu,Menu/Canvas/Book/Pages/LoreMenuPanel/Page1/Collectible2/From,c72c387608a27cbbac13565b1ebc79c931e841eff2b8ebc89c639cdf7e006ae5,8,来自 0-1,approved
serialized_11f75c615bc15fef,exact,Main Menu,Menu/Canvas/Book/Pages/LoreMenuPanel/Page1/Collectible2/Name,b38fc6269e6e66fc9c2cfad7c7fc54b9d6b2bacf27f468c08e67d69ed5139402,12,借阅卡,approved
serialized_52edf2d7e26b067f,exact,Main Menu,Menu/Canvas/Book/Pages/LoreMenuPanel/Page1/Collectible3/From,c72c387608a27cbbac13565b1ebc79c931e841eff2b8ebc89c639cdf7e006ae5,8,来自 0-1,approved
serialized_6f6b0b5f5d413259,exact,Main Menu,Menu/Canvas/Book/Pages/LoreMenuPanel/Page1/Collectible3/Name,b38fc6269e6e66fc9c2cfad7c7fc54b9d6b2bacf27f468c08e67d69ed5139402,12,借阅卡,approved
serialized_0d1099402a6f3a3a,exact,Main Menu,Menu/Canvas/Book/Pages/LoreMenuPanel/Page1/Collectible4/From,c72c387608a27cbbac13565b1ebc79c931e841eff2b8ebc89c639cdf7e006ae5,8,来自 0-1,approved
serialized_691d83bd81b2d9a2,exact,Main Menu,Menu/Canvas/Book/Pages/LoreMenuPanel/Page1/Collectible4/Name,b38fc6269e6e66fc9c2cfad7c7fc54b9d6b2bacf27f468c08e67d69ed5139402,12,借阅卡,approved
serialized_84518f62c3b22e1b,exact,Main Menu,Menu/Canvas/Book/Pages/LoreMenuPanel/Page1/Collectible5/From,c72c387608a27cbbac13565b1ebc79c931e841eff2b8ebc89c639cdf7e006ae5,8,来自 0-1,approved
serialized_c1ecc09446cf5ab6,exact,Main Menu,Menu/Canvas/Book/Pages/LoreMenuPanel/Page1/Collectible5/Name,b38fc6269e6e66fc9c2cfad7c7fc54b9d6b2bacf27f468c08e67d69ed5139402,12,借阅卡,approved
serialized_f8513b71c5d21584,exact,Main Menu,Menu/Canvas/Book/Pages/LoreMenuPanel/Page1/Collectible6/From,c72c387608a27cbbac13565b1ebc79c931e841eff2b8ebc89c639cdf7e006ae5,8,来自 0-1,approved
serialized_e8dc71a8abb0d4f0,exact,Main Menu,Menu/Canvas/Book/Pages/LoreMenuPanel/Page1/Collectible6/Name,b38fc6269e6e66fc9c2cfad7c7fc54b9d6b2bacf27f468c08e67d69ed5139402,12,借阅卡,approved
serialized_6cae3dddc6ddf616,exact,Main Menu,Menu/Canvas/Book/Pages/LoreMenuPanel/Page1/Collectible7/From,c72c387608a27cbbac13565b1ebc79c931e841eff2b8ebc89c639cdf7e006ae5,8,来自 0-1,approved
serialized_86160a3bb5512892,exact,Main Menu,Menu/Canvas/Book/Pages/LoreMenuPanel/Page1/Collectible7/Name,b38fc6269e6e66fc9c2cfad7c7fc54b9d6b2bacf27f468c08e67d69ed5139402,12,借阅卡,approved
serialized_2346f6aeb1b7f559,exact,Main Menu,Menu/Canvas/Book/Pages/LoreMenuPanel/Page1/Collectible8/From,c72c387608a27cbbac13565b1ebc79c931e841eff2b8ebc89c639cdf7e006ae5,8,来自 0-1,approved
serialized_1571e0265a5aa22f,exact,Main Menu,Menu/Canvas/Book/Pages/LoreMenuPanel/Page1/Collectible8/Name,b38fc6269e6e66fc9c2cfad7c7fc54b9d6b2bacf27f468c08e67d69ed5139402,12,借阅卡,approved
serialized_30dbf638a06f2318,exact,Main Menu,Menu/Canvas/Book/Pages/LoreMenuPanel/Page2/Collectible1/From,c72c387608a27cbbac13565b1ebc79c931e841eff2b8ebc89c639cdf7e006ae5,8,来自 0-1,approved
serialized_530b3efc0cc733d4,exact,Main Menu,Menu/Canvas/Book/Pages/LoreMenuPanel/Page2/Collectible1/Name,b38fc6269e6e66fc9c2cfad7c7fc54b9d6b2bacf27f468c08e67d69ed5139402,12,借阅卡,approved
serialized_7e993168b01e1945,exact,Main Menu,Menu/Canvas/Book/Pages/LoreMenuPanel/Page2/Collectible2/From,c72c387608a27cbbac13565b1ebc79c931e841eff2b8ebc89c639cdf7e006ae5,8,来自 0-1,approved
serialized_c518b8ab824e6ade,exact,Main Menu,Menu/Canvas/Book/Pages/LoreMenuPanel/Page2/Collectible2/Name,b38fc6269e6e66fc9c2cfad7c7fc54b9d6b2bacf27f468c08e67d69ed5139402,12,借阅卡,approved
serialized_67199d376bc3231d,exact,Main Menu,Menu/Canvas/Book/Pages/LoreMenuPanel/Page2/Collectible3/From,c72c387608a27cbbac13565b1ebc79c931e841eff2b8ebc89c639cdf7e006ae5,8,来自 0-1,approved
serialized_f9156550991d71ca,exact,Main Menu,Menu/Canvas/Book/Pages/LoreMenuPanel/Page2/Collectible3/Name,b38fc6269e6e66fc9c2cfad7c7fc54b9d6b2bacf27f468c08e67d69ed5139402,12,借阅卡,approved
serialized_33f6ff86c23308c5,exact,Main Menu,Menu/Canvas/Book/Pages/LoreMenuPanel/Page2/Collectible4/From,c72c387608a27cbbac13565b1ebc79c931e841eff2b8ebc89c639cdf7e006ae5,8,来自 0-1,approved
serialized_84961cd58870cf11,exact,Main Menu,Menu/Canvas/Book/Pages/LoreMenuPanel/Page2/Collectible4/Name,b38fc6269e6e66fc9c2cfad7c7fc54b9d6b2bacf27f468c08e67d69ed5139402,12,借阅卡,approved
serialized_8533da100b5a115e,exact,Main Menu,Menu/Canvas/Book/Pages/LoreMenuPanel/Page2/Collectible5/From,c72c387608a27cbbac13565b1ebc79c931e841eff2b8ebc89c639cdf7e006ae5,8,来自 0-1,approved
serialized_17be60539ca67360,exact,Main Menu,Menu/Canvas/Book/Pages/LoreMenuPanel/Page2/Collectible5/Name,b38fc6269e6e66fc9c2cfad7c7fc54b9d6b2bacf27f468c08e67d69ed5139402,12,借阅卡,approved
serialized_3e800abb5411a69f,exact,Main Menu,Menu/Canvas/Book/Pages/LoreMenuPanel/Page2/Collectible6/From,c72c387608a27cbbac13565b1ebc79c931e841eff2b8ebc89c639cdf7e006ae5,8,来自 0-1,approved
serialized_01fa3f80d36e7488,exact,Main Menu,Menu/Canvas/Book/Pages/LoreMenuPanel/Page2/Collectible6/Name,b38fc6269e6e66fc9c2cfad7c7fc54b9d6b2bacf27f468c08e67d69ed5139402,12,借阅卡,approved
serialized_9f1b9a6f2c181c0f,exact,Main Menu,Menu/Canvas/Book/Pages/LoreMenuPanel/Page2/Collectible7/From,c72c387608a27cbbac13565b1ebc79c931e841eff2b8ebc89c639cdf7e006ae5,8,来自 0-1,approved
serialized_e50e277cec56783c,exact,Main Menu,Menu/Canvas/Book/Pages/LoreMenuPanel/Page2/Collectible7/Name,b38fc6269e6e66fc9c2cfad7c7fc54b9d6b2bacf27f468c08e67d69ed5139402,12,借阅卡,approved
serialized_1fe3043423d062dd,exact,Main Menu,Menu/Canvas/Book/Pages/LoreMenuPanel/Page2/Collectible8/From,c72c387608a27cbbac13565b1ebc79c931e841eff2b8ebc89c639cdf7e006ae5,8,来自 0-1,approved
serialized_21eb38643df16bb3,exact,Main Menu,Menu/Canvas/Book/Pages/LoreMenuPanel/Page2/Collectible8/Name,b38fc6269e6e66fc9c2cfad7c7fc54b9d6b2bacf27f468c08e67d69ed5139402,12,借阅卡,approved
serialized_501d9d051f7fc935,exact,Main Menu,Menu/Canvas/Book/Pages/LoreMenuPanel/Page3/Collectible1/From,c72c387608a27cbbac13565b1ebc79c931e841eff2b8ebc89c639cdf7e006ae5,8,来自 0-1,approved
serialized_2c830d1d464051ae,exact,Main Menu,Menu/Canvas/Book/Pages/LoreMenuPanel/Page3/Collectible1/Name,b38fc6269e6e66fc9c2cfad7c7fc54b9d6b2bacf27f468c08e67d69ed5139402,12,借阅卡,approved
serialized_5c73a40c6f284ece,exact,Main Menu,Menu/Canvas/Book/Pages/LoreMenuPanel/Page3/Collectible2/From,c72c387608a27cbbac13565b1ebc79c931e841eff2b8ebc89c639cdf7e006ae5,8,来自 0-1,approved
serialized_c51d6e02f2a188b0,exact,Main Menu,Menu/Canvas/Book/Pages/LoreMenuPanel/Page3/Collectible2/Name,b38fc6269e6e66fc9c2cfad7c7fc54b9d6b2bacf27f468c08e67d69ed5139402,12,借阅卡,approved
serialized_82a26d3ac0279127,exact,Main Menu,Menu/Canvas/Book/Pages/LoreMenuPanel/Page3/Collectible3/From,c72c387608a27cbbac13565b1ebc79c931e841eff2b8ebc89c639cdf7e006ae5,8,来自 0-1,approved
serialized_152cf037a0aab973,exact,Main Menu,Menu/Canvas/Book/Pages/LoreMenuPanel/Page3/Collectible3/Name,b38fc6269e6e66fc9c2cfad7c7fc54b9d6b2bacf27f468c08e67d69ed5139402,12,借阅卡,approved
serialized_1155a37ffe4bdcfa,exact,Main Menu,Menu/Canvas/Book/Pages/LoreMenuPanel/Page3/Collectible4/From,c72c387608a27cbbac13565b1ebc79c931e841eff2b8ebc89c639cdf7e006ae5,8,来自 0-1,approved
serialized_fb391e613088a27a,exact,Main Menu,Menu/Canvas/Book/Pages/LoreMenuPanel/Page3/Collectible4/Name,b38fc6269e6e66fc9c2cfad7c7fc54b9d6b2bacf27f468c08e67d69ed5139402,12,借阅卡,approved
serialized_0a80874490f0f91b,exact,Main Menu,Menu/Canvas/Book/Pages/LoreMenuPanel/Page3/Collectible5/From,c72c387608a27cbbac13565b1ebc79c931e841eff2b8ebc89c639cdf7e006ae5,8,来自 0-1,approved
serialized_5514bdb6525b57ac,exact,Main Menu,Menu/Canvas/Book/Pages/LoreMenuPanel/Page3/Collectible5/Name,b38fc6269e6e66fc9c2cfad7c7fc54b9d6b2bacf27f468c08e67d69ed5139402,12,借阅卡,approved
serialized_6e22b2ec6e9133f4,exact,Main Menu,Menu/Canvas/Book/Pages/LoreMenuPanel/Page3/Collectible6/From,c72c387608a27cbbac13565b1ebc79c931e841eff2b8ebc89c639cdf7e006ae5,8,来自 0-1,approved
serialized_ca294828e1f4bc99,exact,Main Menu,Menu/Canvas/Book/Pages/LoreMenuPanel/Page3/Collectible6/Name,b38fc6269e6e66fc9c2cfad7c7fc54b9d6b2bacf27f468c08e67d69ed5139402,12,借阅卡,approved
serialized_a6ba9ef1ee34d242,exact,Main Menu,Menu/Canvas/Book/Pages/LoreMenuPanel/Page3/Collectible7/From,c72c387608a27cbbac13565b1ebc79c931e841eff2b8ebc89c639cdf7e006ae5,8,来自 0-1,approved
serialized_b3128f81896376dc,exact,Main Menu,Menu/Canvas/Book/Pages/LoreMenuPanel/Page3/Collectible7/Name,b38fc6269e6e66fc9c2cfad7c7fc54b9d6b2bacf27f468c08e67d69ed5139402,12,借阅卡,approved
serialized_5f00b68c546573ca,exact,Main Menu,Menu/Canvas/Book/Pages/LoreMenuPanel/Page3/Collectible8/From,c72c387608a27cbbac13565b1ebc79c931e841eff2b8ebc89c639cdf7e006ae5,8,来自 0-1,approved
serialized_e9ea53042b34c813,exact,Main Menu,Menu/Canvas/Book/Pages/LoreMenuPanel/Page3/Collectible8/Name,b38fc6269e6e66fc9c2cfad7c7fc54b9d6b2bacf27f468c08e67d69ed5139402,12,借阅卡,approved
serialized_cf3b22b85643f487,exact,Main Menu,Menu/Canvas/Book/Pages/LoreMenuPanel/Title/TitleText,90f564a7b77cbff7a108a5e2f2cbbaa44792516165abd7aee18db831a784585b,12,收藏品,approved
serialized_2014bf5d4b7cc4d4,exact,Main Menu,Menu/Canvas/Book/Pages/SettingsMenuPanel/Buttons/SettingsGameplay/Text (TMP),31bcb8940fffb7d1328e4d989be6708a48e564d490a873652d6ea64f58156711,8,游戏玩法,approved
serialized_5d043a0dea4c5334,exact,Main Menu,Menu/Canvas/Book/Pages/SettingsMenuPanel/Buttons/SettingsSound/Text (TMP),46124e023603420f8670526e3eb9a603935e8916cb8e0428ea84bbe42d85d297,5,声音,approved
serialized_05e5aae95d23c854,exact,Main Menu,Menu/Canvas/Book/Pages/SettingsMenuPanel/DebugSettings/Viewport/Content/Button/Text (TMP),f942d1e183d020b635794546c43b30dc4da379b9bbc0c3a1ab5f1191fdb605e1,11,删除存档,approved
serialized_c62cd35d85574400,exact,Main Menu,Menu/Canvas/Book/Pages/SettingsMenuPanel/DebugSettings/Viewport/Content/Debug/Text (TMP),5166b427e058fc7b521ff00300c66db8411482bc718b5c57d7cde12932ef1043,13,调试模式开启,approved
serialized_6da061c1a789657e,exact,Main Menu,Menu/Canvas/Book/Pages/SettingsMenuPanel/DebugSettings/Viewport/Content/DebugCode/Button/Text (TMP),49e49bb4401e67bd54ffe1e9ab6c2af87ddad0cdc8ca1c84ba1b4e94234438ba,8,生成,approved
serialized_3280ce167fd2b78a,exact,Main Menu,Menu/Canvas/Book/Pages/SettingsMenuPanel/DebugSettings/Viewport/Content/DebugCode/Text (TMP),533a839c96ded0f37d8de00c9a98530dbc116b4e77a87f2484a8dbb1104b58c2,10,调试代码,approved
serialized_5d6dbf6e0e402336,exact,Main Menu,Menu/Canvas/Book/Pages/SettingsMenuPanel/DebugSettings/Viewport/Content/EasyMode/Text (TMP),8307dce6de1c1526aaac98db0c8a58bca365e523a9949c64a5065db3a8e7ce61,9,简易模式,approved
serialized_2f71626c1ddb9b44,exact,Main Menu,Menu/Canvas/Book/Pages/SettingsMenuPanel/DebugSettings/Viewport/Content/LightingMode/Text (TMP),dd730cebcca12f35312a61d55a4a4100d7124068c2151595dd01e44d5722b175,13,照明模式,approved
serialized_6d34219760a4ca54,exact,Main Menu,Menu/Canvas/Book/Pages/SettingsMenuPanel/DebugSettings/Viewport/Content/MoveSpeed/Text (TMP),264e2bd40c1853d5c30adec154d443186f75414995d2f27cfcb7969f9f41f893,10,移动速度,approved
serialized_2ec7e8cc61fc11e3,exact,Main Menu,Menu/Canvas/Book/Pages/SettingsMenuPanel/DebugSettings/Viewport/Content/RoguelikeMode/Text (TMP),2815c5af1e32157e9b6b2ca41648355f6f0d2c64b5625f1351456ad2f45fdcc3,14,肉鸽模式,approved
serialized_be1e89fe521bdb37,exact,Main Menu,Menu/Canvas/Book/Pages/SettingsMenuPanel/DebugSettings/Viewport/Content/RoguelikeType/Text (TMP),86958b91b8535877f9bb010e09e057bfbc64513a7c91662df3fd7a110617dbef,18,同时打乱玩家,approved
serialized_4aeff7c73a4f5394,exact,Main Menu,Menu/Canvas/Book/Pages/SettingsMenuPanel/DebugSettings/Viewport/Content/SpeedMode/Text (TMP),c795f88a83def7a3cbd5595fca71f880d982c59c50e41bea0ca387751281a4a6,10,速度模式,approved
serialized_00bee6577200a2a2,exact,Main Menu,Menu/Canvas/Book/Pages/SettingsMenuPanel/DebugSettings/Viewport/Content/Unlock All/Button/Text (TMP),4ac709aa58bcfe5dca223072cd22986a2ad4e15f577c344466851b65322e416c,6,解锁,approved
serialized_0e62e68b76faf599,exact,Main Menu,Menu/Canvas/Book/Pages/SettingsMenuPanel/DebugSettings/Viewport/Content/Unlock All/Text (TMP),59b3d9293ab54300f8c5ce96ea06eea0b5646d9db24cc17498cae6a006fb52d8,10,全部解锁,approved
serialized_130bcedbd0339c4e,exact,Main Menu,Menu/Canvas/Book/Pages/SettingsMenuPanel/DebugSettings/Viewport/Content/Unlock Collectibles/Button/Text (TMP),4ac709aa58bcfe5dca223072cd22986a2ad4e15f577c344466851b65322e416c,6,解锁,approved
serialized_5eeb139db22565c7,exact,Main Menu,Menu/Canvas/Book/Pages/SettingsMenuPanel/DebugSettings/Viewport/Content/Unlock Collectibles/Text (TMP),25562e29e2a63cfaee53f0c7afe602da8565a4cc297e9cbbb2e24b766a50ea2c,23,解锁所有收藏品,approved
serialized_5e1abbf1eb0a6b9d,exact,Main Menu,Menu/Canvas/Book/Pages/SettingsMenuPanel/DebugSettings/Viewport/Content/Unlock Stages/Button/Text (TMP),4ac709aa58bcfe5dca223072cd22986a2ad4e15f577c344466851b65322e416c,6,解锁,approved
serialized_c258df5a4f500bd0,exact,Main Menu,Menu/Canvas/Book/Pages/SettingsMenuPanel/DebugSettings/Viewport/Content/Unlock Stages/Text (TMP),9b5e3e9cf2ee80b8ad04d867b39ba06708edc21ebb90064c9f7db6a6513b2d52,17,解锁所有关卡,approved
serialized_2da1aec5015015ad,exact,Main Menu,Menu/Canvas/Book/Pages/SettingsMenuPanel/DebugSettings/Viewport/Content/WaitButton/Text (TMP),f9ff3305c25ccceeb5dcb40a6ca3da91412640fac9ac4db9be9ae567fe5fa05a,14,开启等待按钮,approved
serialized_25a47e65a85dea0c,exact,Main Menu,Menu/Canvas/Book/Pages/SettingsMenuPanel/GamepadControlsPopUp/Background/Scroll View/Viewport/Content/Interact/ResetToDefaultButton/Text,daee7606b339f3c339076fe2c9f372a3ff40c8ee896005d829c7481b64ca5303,5,重置,approved
serialized_065bc5f1e22d6cd3,exact,Main Menu,Menu/Canvas/Book/Pages/SettingsMenuPanel/GamepadControlsPopUp/Background/Scroll View/Viewport/Content/Interact/Text,04adda4ac0c788b8fd0d1ab8ac3ac5e4f88d92504a0c8f501ae0a7fc11317275,8,互动,approved
serialized_33392620b4da64db,exact,Main Menu,Menu/Canvas/Book/Pages/SettingsMenuPanel/GamepadControlsPopUp/Background/Scroll View/Viewport/Content/Lux/ResetToDefaultButton/Text,daee7606b339f3c339076fe2c9f372a3ff40c8ee896005d829c7481b64ca5303,5,重置,approved
serialized_1c9029fb0dfeb42e,exact,Main Menu,Menu/Canvas/Book/Pages/SettingsMenuPanel/GamepadControlsPopUp/Background/Scroll View/Viewport/Content/Pause/ResetToDefaultButton/Text,daee7606b339f3c339076fe2c9f372a3ff40c8ee896005d829c7481b64ca5303,5,重置,approved
serialized_c16a9b886840720a,exact,Main Menu,Menu/Canvas/Book/Pages/SettingsMenuPanel/GamepadControlsPopUp/Background/Scroll View/Viewport/Content/Pause/Text,858e4ba7a29fd38b630ed73a79e2738333b3fc6778fafa90252f5556c1262fdc,5,暂停,approved
serialized_7af47f5eb317c428,exact,Main Menu,Menu/Canvas/Book/Pages/SettingsMenuPanel/GamepadControlsPopUp/Background/Scroll View/Viewport/Content/Pause/TriggerRebindButton/ActionBindingText,e4bb9f1ece9af9264a3b9e3913bbdb2cf497457167b14ced5f85688bfde74644,5,开始,approved
serialized_2c6885e38809efa9,exact,Main Menu,Menu/Canvas/Book/Pages/SettingsMenuPanel/GamepadControlsPopUp/Background/Scroll View/Viewport/Content/Restart/ResetToDefaultButton/Text,daee7606b339f3c339076fe2c9f372a3ff40c8ee896005d829c7481b64ca5303,5,重置,approved
serialized_3805234e03f4fa1d,exact,Main Menu,Menu/Canvas/Book/Pages/SettingsMenuPanel/GamepadControlsPopUp/Background/Scroll View/Viewport/Content/Restart/Text,6b983a81e5e8099e4e23a368e72636e31f029f2e691e5be714106b8cf59d70a7,7,重新开始,approved
serialized_60e5baefa5cc7551,exact,Main Menu,Menu/Canvas/Book/Pages/SettingsMenuPanel/GamepadControlsPopUp/Background/Scroll View/Viewport/Content/Wait/ResetToDefaultButton/Text,daee7606b339f3c339076fe2c9f372a3ff40c8ee896005d829c7481b64ca5303,5,重置,approved
serialized_64cb57ee773e07bb,exact,Main Menu,Menu/Canvas/Book/Pages/SettingsMenuPanel/GamepadControlsPopUp/Background/Scroll View/Viewport/Content/Wait/Text,26b83994dca8b4b483edc45464ba07a5bde05cb7e6c5c61bb2e66da9d1e15fc7,4,等待,approved
serialized_0ce0b96cf46a0234,exact,Main Menu,Menu/Canvas/Book/Pages/SettingsMenuPanel/GamepadControlsPopUp/Background/Title,60b0fd72c118ad1b218bc1f50ad206c1ceacea3587e16b162b179a1227bc80a0,19,手柄控制,approved
serialized_4beafa635286bf36,exact,Main Menu,Menu/Canvas/Book/Pages/SettingsMenuPanel/GamepadControlsPopUp/RebindOverlay/DuplicateWarning,130a3bfcd6aa0131141feb7c56b278383bb6e5d52e3705d7fca95f3a5c2237bb,37,按键已重复，请重试。,approved
serialized_9d8cf368be562393,exact,Main Menu,Menu/Canvas/Book/Pages/SettingsMenuPanel/GamepadControlsPopUp/RebindOverlay/Text (TMP),3d40ea985fc50d337dcf0845617df562c9b3ab30bbd0475b5cd982b1af5fb233,23,等待按键绑定……,approved
serialized_843052c4b989bd42,exact,Main Menu,Menu/Canvas/Book/Pages/SettingsMenuPanel/GameplaySettings/Viewport/Content/Gamepad Controls/OpenGamepadControlsButton/Text (TMP),464c4ffd019e1e9691dcf0537c797353ef2b1c1d4833d3d463e5b74ae4547344,4,编辑,approved
serialized_f0d8320eca8f2df1,exact,Main Menu,Menu/Canvas/Book/Pages/SettingsMenuPanel/GameplaySettings/Viewport/Content/Gamepad Controls/Text,124e0720881b56149942ef46baa458ab4b61a9c50b8b8b75d64acc185b4a81e6,16,手柄控制,approved
serialized_e9c39720289cd618,exact,Main Menu,Menu/Canvas/Book/Pages/SettingsMenuPanel/GameplaySettings/Viewport/Content/GridOpacitySlider/Text,2e19777e05a120e21c73dea90b281e563df8721b17f4612d0379a4c122654efd,12,网格不透明度,approved
serialized_182a5138539c3d0c,exact,Main Menu,Menu/Canvas/Book/Pages/SettingsMenuPanel/GameplaySettings/Viewport/Content/KeyboardControls/OpenKeyboardControlsButton/Text (TMP),464c4ffd019e1e9691dcf0537c797353ef2b1c1d4833d3d463e5b74ae4547344,4,编辑,approved
serialized_572352d4ca8b76bb,exact,Main Menu,Menu/Canvas/Book/Pages/SettingsMenuPanel/GameplaySettings/Viewport/Content/KeyboardControls/Text,c430842ee866da1b7c4872728970912e6ebb0071ba73daa2c904e59b569aba2e,17,键盘控制,approved
serialized_934694b77bf8dd93,exact,Main Menu,Menu/Canvas/Book/Pages/SettingsMenuPanel/GameplaySettings/Viewport/Content/ShowDpad/Text,db93252b2be1d5fc07ced199f4de75e2b60baaa463a10efb6e886c75d2ff074f,21,显示移动按钮,approved
serialized_4befcfeaca2bac45,exact,Main Menu,Menu/Canvas/Book/Pages/SettingsMenuPanel/GameplaySettings/Viewport/Content/SigilSize/Text,df0a6793c639d86c46d2934fd3f493295fb327a6bcbd7a56bf302bb09dcec11d,10,符印大小,approved
serialized_c701447d1c34dbce,exact,Main Menu,Menu/Canvas/Book/Pages/SettingsMenuPanel/GameplaySettings/Viewport/Content/SkipReset/Text,39bedaa7a99830101837aad56b7b822242cb8049c3c0cb586931785c6f5888ee,23,跳过重置确认,approved
serialized_65b695ec2985f7e4,exact,Main Menu,Menu/Canvas/Book/Pages/SettingsMenuPanel/GameplaySettings/Viewport/Content/TypingSpeed/Text,faaa194fd3f500089453aa1859bd3c101ff727cca36bc8302bfc75021034bc93,10,文字速度,approved
serialized_eeeff5fcc6951989,exact,Main Menu,Menu/Canvas/Book/Pages/SettingsMenuPanel/KeyboardControlsPopUp/Background/Scroll View/Viewport/Content/Interact/ResetToDefaultButton/Text,daee7606b339f3c339076fe2c9f372a3ff40c8ee896005d829c7481b64ca5303,5,重置,approved
serialized_626deb5bf6696dd4,exact,Main Menu,Menu/Canvas/Book/Pages/SettingsMenuPanel/KeyboardControlsPopUp/Background/Scroll View/Viewport/Content/Interact/Text,04adda4ac0c788b8fd0d1ab8ac3ac5e4f88d92504a0c8f501ae0a7fc11317275,8,互动,approved
serialized_1d4d13f794196c72,exact,Main Menu,Menu/Canvas/Book/Pages/SettingsMenuPanel/KeyboardControlsPopUp/Background/Scroll View/Viewport/Content/Lux/ResetToDefaultButton/Text,daee7606b339f3c339076fe2c9f372a3ff40c8ee896005d829c7481b64ca5303,5,重置,approved
serialized_032dbaca7798ce57,exact,Main Menu,Menu/Canvas/Book/Pages/SettingsMenuPanel/KeyboardControlsPopUp/Background/Scroll View/Viewport/Content/Move/ResetToDefaultButton/Text,daee7606b339f3c339076fe2c9f372a3ff40c8ee896005d829c7481b64ca5303,5,重置,approved
serialized_e006dcb0524b0b50,exact,Main Menu,Menu/Canvas/Book/Pages/SettingsMenuPanel/KeyboardControlsPopUp/Background/Scroll View/Viewport/Content/Move/Text,6ecc3df6bffdd06c58cd4f6e276929e119c8f653c53f5a6a5a5e66dfa1c3fc93,4,移动,approved
serialized_a7e4cd231794870f,exact,Main Menu,Menu/Canvas/Book/Pages/SettingsMenuPanel/KeyboardControlsPopUp/Background/Scroll View/Viewport/Content/Pause/ResetToDefaultButton/Text,daee7606b339f3c339076fe2c9f372a3ff40c8ee896005d829c7481b64ca5303,5,重置,approved
serialized_bfcda8946a462059,exact,Main Menu,Menu/Canvas/Book/Pages/SettingsMenuPanel/KeyboardControlsPopUp/Background/Scroll View/Viewport/Content/Pause/Text,858e4ba7a29fd38b630ed73a79e2738333b3fc6778fafa90252f5556c1262fdc,5,暂停,approved
serialized_e9e356ecde82b73a,exact,Main Menu,Menu/Canvas/Book/Pages/SettingsMenuPanel/KeyboardControlsPopUp/Background/Scroll View/Viewport/Content/Restart/ResetToDefaultButton/Text,daee7606b339f3c339076fe2c9f372a3ff40c8ee896005d829c7481b64ca5303,5,重置,approved
serialized_4f44dcd5f370245a,exact,Main Menu,Menu/Canvas/Book/Pages/SettingsMenuPanel/KeyboardControlsPopUp/Background/Scroll View/Viewport/Content/Restart/Text,6b983a81e5e8099e4e23a368e72636e31f029f2e691e5be714106b8cf59d70a7,7,重新开始,approved
serialized_e302e65f58bb8be8,exact,Main Menu,Menu/Canvas/Book/Pages/SettingsMenuPanel/KeyboardControlsPopUp/Background/Scroll View/Viewport/Content/Wait/ResetToDefaultButton/Text,daee7606b339f3c339076fe2c9f372a3ff40c8ee896005d829c7481b64ca5303,5,重置,approved
serialized_e57763fe44821302,exact,Main Menu,Menu/Canvas/Book/Pages/SettingsMenuPanel/KeyboardControlsPopUp/Background/Scroll View/Viewport/Content/Wait/Text,26b83994dca8b4b483edc45464ba07a5bde05cb7e6c5c61bb2e66da9d1e15fc7,4,等待,approved
serialized_f55523179719e723,exact,Main Menu,Menu/Canvas/Book/Pages/SettingsMenuPanel/KeyboardControlsPopUp/Background/Title,799c269135742a36ae48dddf3a69c47c7d2a428a34e351f6da93ae6490101b47,8,控制,approved
serialized_28c79d40430bb240,exact,Main Menu,Menu/Canvas/Book/Pages/SettingsMenuPanel/KeyboardControlsPopUp/RebindOverlay/DuplicateWarning,130a3bfcd6aa0131141feb7c56b278383bb6e5d52e3705d7fca95f3a5c2237bb,37,按键已重复，请重试。,approved
serialized_400e8b226ddc2881,exact,Main Menu,Menu/Canvas/Book/Pages/SettingsMenuPanel/KeyboardControlsPopUp/RebindOverlay/Text (TMP),3d40ea985fc50d337dcf0845617df562c9b3ab30bbd0475b5cd982b1af5fb233,23,等待按键绑定……,approved
serialized_cb63b057e9b34840,exact,Main Menu,Menu/Canvas/Book/Pages/SettingsMenuPanel/Title/TitleText,9fbb0fb06ef4495ef702365182f3157ef0d048f5a8ca5a2c062a023a85dd0589,9,设置,approved
serialized_879d25e9195ca65c,exact,Main Menu,Menu/Canvas/Book/Pages/SettingsMenuPanel/VolumeSettings/Viewport/Content/8Bit/Text,960256232782e0cb8d2d5e5611e4c68d772aac337a39116b820f3cb0ed81bddc,20,启用重混音乐,approved
serialized_f58035c8ea585565,exact,Main Menu,Menu/Canvas/Book/Pages/SettingsMenuPanel/VolumeSettings/Viewport/Content/Music/Text,6eb00b4b2614a144d41ccdf709017a675953fae2df6cfd6b397bd9e4d8708461,5,音乐,approved
serialized_727250c6a27e0770,exact,Main Menu,Menu/Canvas/Book/Pages/SettingsMenuPanel/VolumeSettings/Viewport/Content/SFX/Text,de7b57b57b05d02090b4091094e2117271e7df2bf17553017bb0c634ec3492c0,13,音效,approved
serialized_6e4acc45a70cd24c,exact,Main Menu,Menu/Canvas/Book/Pages/SettingsMenuPanel/VolumeSettings/Viewport/Content/SoundEnabled/Text,04c73e2411c432524c9d9db6a96bb6c3a8b6d1c5da9fd7575f34564d73c5d1b5,12,启用声音,approved
serialized_2563dd9b8693aa6c,exact,Main Menu,Menu/Canvas/Book/Pages/SpeedrunMenuPanel/FinalCanvas/CCLabel,90ab2fbf7f7f3158e3a4f7447cb1610746448e9c1563d492e44c62869d486efb,24,已收集收藏品： ,approved
serialized_6debca63e06ecd2d,exact,Main Menu,Menu/Canvas/Book/Pages/SpeedrunMenuPanel/FinalCanvas/DLabel,e66b2066f6f4d3450a011ba75972dfc8d057769080874009c1ff53c10661a470,14,死亡/重置：,approved
serialized_c1a2c3cea5ab4306,exact,Main Menu,Menu/Canvas/Book/Pages/SpeedrunMenuPanel/FinalCanvas/Deaths,5feceb66ffc86f38d952786c6d696c79c2dbc239dd4e91b46729d73a27fb57e9,1,0,approved
serialized_04ea281c49aa158a,exact,Main Menu,Menu/Canvas/Book/Pages/SpeedrunMenuPanel/FinalCanvas/SALabel,8609e8602c2906c13fe2278eaf466d3c23cbda9d4c5e7d0b78c321e5c07c2e6b,13,获得 A+ 的关卡： ,approved
serialized_8db7856615453bd8,exact,Main Menu,Menu/Canvas/Book/Pages/SpeedrunMenuPanel/FinalCanvas/SCLabel,ae2a36ffa6c674f2de5c5d38092a2607c51d5eccbd535d7539fe63e95712bc07,16,已完成关卡： ,approved
serialized_d6061627e3ab94c8,exact,Main Menu,Menu/Canvas/Book/Pages/SpeedrunMenuPanel/FinalCanvas/TitleText,4d3165bd0c2b3bf5f5c576704537c60f79a7dcf1114b342ae197bb464d3f4067,18,速通完成！,approved
serialized_9ce2e649b87967d7,exact,Main Menu,Menu/Canvas/Book/Pages/SpeedrunMenuPanel/FinalCanvas/Verification,2f7f07682d78348998ebeefe74bf65fe1c4f640d1a920f286f8d9dad1b123e0c,6,代码： ,approved
serialized_b0650e1b82e5cf07,exact,Main Menu,Menu/Canvas/Book/Pages/SpeedrunMenuPanel/ResetButton/Text (TMP),2da6752405297dc60b4f7f8303b1a735a75922380d14bbcffa2c1929a670bea3,15,重置存档数据,approved
serialized_11b751732a31544b,exact,Main Menu,Menu/Canvas/Book/Pages/SpeedrunMenuPanel/SpeedrunButton/Text (TMP),0a69016c6043007173ec424078d9384559ed15799d856c8451fde81b3e694bc6,19,开始速通模式,approved
serialized_ad9871010344ff8e,exact,Main Menu,Menu/Canvas/Book/Pages/SpeedrunMenuPanel/Title/TitleText,a656107e99c71dea1ba101ea816e3886370b68ca9f9ac8e5b2d79c6ffddd70a1,10,统计,approved
serialized_a74523bf7ae3b23f,exact,Main Menu,Menu/Canvas/Book/Pages/WorldSelectPanel/Buttons/Chapter0/Text (TMP),5feceb66ffc86f38d952786c6d696c79c2dbc239dd4e91b46729d73a27fb57e9,1,0,approved
serialized_85fa6162bfd8e643,exact,Main Menu,Menu/Canvas/Book/Pages/WorldSelectPanel/Buttons/Chapter1/Text (TMP),a83dd0ccbffe39d071cc317ddf6e97f5c6b1c87af91919271f9fa140b0508c6c,1,I,approved
serialized_afd90676641cedc4,exact,Main Menu,Menu/Canvas/Book/Pages/WorldSelectPanel/Buttons/Chapter2/Text (TMP),2e561ff2355c06484efc416619b5b7f7fc055acdb4e5b6db7a4bc0a5016b19e3,2,II,approved
serialized_66e1e9dde8f9ffa7,exact,Main Menu,Menu/Canvas/Book/Pages/WorldSelectPanel/Buttons/Chapter3/Text (TMP),399dbc8659309a249da966067c99d646aca9aa7868a5962559b64f15f5e99005,3,III,approved
serialized_6de44c4995160502,exact,Main Menu,Menu/Canvas/Book/Pages/WorldSelectPanel/Buttons/Chapter4/Text (TMP),2c65a48513a36d846e69232a88c404b4d44b99d846cd1fc598b08e95c0a75b9a,2,IV,approved
serialized_f59577813604a88a,exact,Main Menu,Menu/Canvas/Book/Pages/WorldSelectPanel/ConfirmationPanel/Back/Text (TMP),76900f1bfd16c8d4dd3d25e6f46638d7165aee23883ccea6bfe071c514421769,4,返回,approved
serialized_fa8d34ab2842772b,exact,Main Menu,Menu/Canvas/Book/Pages/WorldSelectPanel/ConfirmationPanel/FlavorText,0442387f81452f4e4e571081521e694b92c55c9ac5a5429706f2f3399d519155,17,关卡说明,approved
serialized_ae7ca818fd6d486f,exact,Main Menu,Menu/Canvas/Book/Pages/WorldSelectPanel/ConfirmationPanel/Notes,b89ea845328144f2dbd92996f4d7605895e73868512af5e70aca6e42398f6cc3,11,收藏品,approved
serialized_dc26789b7e2c95f7,exact,Main Menu,Menu/Canvas/Book/Pages/WorldSelectPanel/ConfirmationPanel/Objective1Text,8cc604a51c5253ba8589d1514bbafe13df373615c9b16688333e394d2bfa9099,13,收藏品 1,approved
serialized_5b5f9d64c36ce6e4,exact,Main Menu,Menu/Canvas/Book/Pages/WorldSelectPanel/ConfirmationPanel/Objective2Text,fd6ff19cbc2f71203643d1896d537bbe95379d3c1c145659ade60010dab3e259,13,收藏品 2,approved
serialized_025bf9ad64fc669e,exact,Main Menu,Menu/Canvas/Book/Pages/WorldSelectPanel/ConfirmationPanel/Objective3Text,a0af70e1244f718f338cf79f38c53a985e4d3c7a8dde8b020ac30f96e23f6cce,13,收藏品 3,approved
serialized_b2e28f1d2fcb8571,exact,Main Menu,Menu/Canvas/Book/Pages/WorldSelectPanel/ConfirmationPanel/SkipDialogue/Skip Text,acbf3f6a5b6ffeb5e2a5a77b0b169455211f8f21d39b2144db3b7e756cae3b01,13,跳过对话,approved
serialized_3149707a46c12f92,exact,Main Menu,Menu/Canvas/Book/Pages/WorldSelectPanel/ConfirmationPanel/StageName,1f1e20e6cd8edb028fe94b6434ed4ebdd3d115e79a69a12842ddd4bc1250237c,10,关卡名称,approved
serialized_604e53d6f64fb22e,exact,Main Menu,Menu/Canvas/Book/Pages/WorldSelectPanel/ConfirmationPanel/Start/Text (TMP),39f17ec6ebcf3cec37a06d85dc61882be3898d7573f284b7b41222087b6b6a2c,5,开始,approved
serialized_4022588ba30f1cd0,exact,Main Menu,Menu/Canvas/Book/Pages/WorldSelectPanel/Title/TitleText,eefbe43616f77596eb1a3bd1c402ec9ddd0236f031f81c6ee2634a8cd366e02c,12,选择关卡,approved
serialized_22340e2e3832f140,exact,Main Menu,SpeedrunManager/Canvas/FinalCanvas/CCLabel,90ab2fbf7f7f3158e3a4f7447cb1610746448e9c1563d492e44c62869d486efb,24,已收集收藏品： ,approved
serialized_de7b8e30c06e2e76,exact,Main Menu,SpeedrunManager/Canvas/FinalCanvas/CTLabel,17fcf60ec0cce715e4bc7b7e09d32c2402aab3db16b89f3960d1057b4c5a22e9,11,完成时间：,approved
serialized_2e1acffc574cbf11,exact,Main Menu,SpeedrunManager/Canvas/FinalCanvas/CloseButton/TitleText,7d9eb7acb13e24625c404401d8e88b2350e32162455885f18276cf802f7701ed,5,关闭,approved
serialized_e243778c8002bcc7,exact,Main Menu,SpeedrunManager/Canvas/FinalCanvas/SALabel,8609e8602c2906c13fe2278eaf466d3c23cbda9d4c5e7d0b78c321e5c07c2e6b,13,获得 A+ 的关卡： ,approved
serialized_fb57d68089ca08ef,exact,Main Menu,SpeedrunManager/Canvas/FinalCanvas/SCLabel,ae2a36ffa6c674f2de5c5d38092a2607c51d5eccbd535d7539fe63e95712bc07,16,已完成关卡： ,approved
serialized_45300d93f71128a5,exact,Main Menu,SpeedrunManager/Canvas/FinalCanvas/TitleText,4d3165bd0c2b3bf5f5c576704537c60f79a7dcf1114b342ae197bb464d3f4067,18,速通完成！,approved
serialized_bf9833856d0bca58,exact,Main Menu,SpeedrunManager/Canvas/FinalCanvas/Verification,2f7f07682d78348998ebeefe74bf65fe1c4f640d1a920f286f8d9dad1b123e0c,6,代码： ,approved
serialized_a8ecd961d1d39765,exact,Main Menu,SpeedrunManager/Canvas/ThankYouCanvas/ThankYouNote/CloseButton/TitleText,7d9eb7acb13e24625c404401d8e88b2350e32162455885f18276cf802f7701ed,5,关闭,approved
serialized_9141d384f8d54c47,exact,Main Menu,SpeedrunManager/Canvas/ThankYouCanvas/ThankYouNote/ThankYouText,ea95cefc3d6673671b007d947155869b2e0d199b98c0c00289d2dae97733d364,312,恭喜！这标志着 Erratum：第一章的结束。希望你喜欢我们的游戏；作为一个工作室，我们迫不及待想让你探索未来的更新与项目！欢迎加入社交媒体上的社区，告诉我们你对这次体验的看法。在此期间，蒂尔德和韦兹古斯会想念你的！,approved
serialized_6e7da3b991dcbe0f,exact,Main Menu,SpeedrunManager/Canvas/ThankYouCanvas/ThankYouNote/TitleText,cdd2fb2d19c934d9a56255c937b731d4bd82a5d40c4909e49a0968c9344bb4da,10,谢谢！,approved
serialized_ac6bf21919927615,exact,Map 0-1,*,8809732edacad9f4ede8a37584b07e6d109e199452206e6131f37382363a149a,113,<i>哈德肖恩教授</i>的<i>代数施法学</i>、<i>工匠斯皮瓦克</i>的<i>范畴论</i>……,approved
serialized_5006593c8479dd76,exact,Map 0-1,*,8f16aafa9b5e0123c44873c38faf54fced93c0e09e091ac22be780d46b606b83,134,<i>首席施法师鲁丁</i>的<i>魔法分析原理</i>、<i>术士埃文兹</i>的<i>偏微分唤现术</i>……,approved
serialized_933ddf73af275c92,exact,Map 0-1,*,8c9d15cb6f90efb6f1eecc100544df0f972c3ab96c6b94c1e2e37ec2e532276f,24,这里有能帮助魔法的东西吗？,approved
serialized_53ee5a59563e06ab,exact,Map 0-1,*,f1b171df2a6ef01ef3cdfd1bc5ca9cd5a7c24c968f15cfe660a44b86f2d519d1,22,呃，我晚点再看。,approved
serialized_67637f5c8605d235,exact,Map 0-1,*,98aca75493fd12e57036a440fcde6e8cd9f2cb9580f24ae44c31467c42ca09c3,65,要是有人进来，我可以藏进这堆书里……,approved
serialized_640db98bdbad67fd,exact,Map 0-1,*,3bab6ce5cec8ae2f96d28777edc78832403d5b92f863287fa5185c6741be196c,76,糟糕，这些书真无聊！希望其他书别也这么没劲。,approved
serialized_d5df18cca71d4899,exact,Map 0-1,*,a4e1256cc912292cb4c8804de19e7378e286823ed4cd6e154c10366897f90abe,33,或者一条狡猾的狗，或者一只害羞的小猫。,approved
serialized_332b01561b832f8c,exact,Map 0-1,*,080509bc869aa2ee8dbf42848e852bd66d9fe63364042b5dc624f576b677b495,53,除非里面已经藏着一只害羞的蝙蝠。,approved
serialized_4c86006ad1f7c0bb,exact,Map 0-2,*,b1dcaa13ff109951a3ca7ac3147ee541fa45e531b24e224d27560ef58c4430be,91,<i>魔导师艾里斯顿——也许是魔法史上最伟大的系统学家和植物学家</i>.,approved
serialized_333a746f2484cca3,exact,Map 0-2,*,6215a9d0114017fd19be05afdc87ad1070f32991c9973df8b1cc6aac0c6ad920,59,啊……我觉得伊克斯在侧面刻了自己的画像。,approved
serialized_ab032beda4589fbc,exact,Map 0-2,*,df975c3182630750ee2f467e29b769680e830ab65f89df3a1f04807c1410a493,91,卡特·德斯雷恩——以太理论的先驱，火球术与许愿术等法术的创造者。,approved
serialized_df315a70ed58e61f,exact,Map 0-2,*,a74586f9605e6bffd09b15e1eebb2c488230d4684bd18e5692ebf63af0d581b0,70,不小心的话，碎裂的地板会把我的脚踝弄断。,approved
serialized_30c7a98f530ff0e2,exact,Map 0-2,*,947746d339657b96439a8429833f42668f1d738629b42b4d67893c9bee6b0357,47,我得小心<i>恐惧地砖</i>。,approved
serialized_0986af954cdd5e60,exact,Map 0-2,*,7ff4612e01df3d252c76659e60fdd8222eb1646d4ab49abf8a88eed543c89125,53,这座被破坏了，我看不清上面写的字。,approved
serialized_01589571cdaf46b9,exact,Map 0-3,*,2097cfc5048c1be19d608acd4afd40d7d0f08d5d77cb3673c7798682a1c92696,143,<i>许多历史学家认为，大战是巫师一族在过去一个半世纪发动的最血腥、最具毁灭性的战争。</i>,approved
serialized_93064ef99928e0fe,exact,Map 0-3,*,b9e040da2b2aadc8cc59d4d6edcad4321a5af55673f77bea51276ccc3cb0d13f,137,<i>尽管如此，这场冲突推动了大量进攻与实用魔法技术进步，其中最重要的有<i>……,approved
serialized_020fe662d4f83e88,exact,Map 0-3,*,6df3b06b02c5f0e650d594139cfacdb7f1580a57455b85ae4d8bfdf96c59889e,78,爸爸在仓库里有门战争火炮，下次我带来防身。,approved
serialized_99e195e35ed3e72b,exact,Map 0-3,*,494f387d0b947aa2ed9fb2476b0bca2467b85e7ba3d97792be2e845a37b4d896,41,哦哦哦……我最喜欢读战争故事了……,approved
serialized_d3b85586059d9425,exact,Map 0-4,*,920b9e1d22fdb4bed594dde45b0e502b34a263f9be283d86fcf0f119aedc478d,73,我敢说，他只是因为我们的球球队还在连败而生气。,approved
serialized_8e7ebb2370f9a4f4,exact,Map 0-4,*,8437ed9db812f64032043ab7ab47657df08b35fde41da6b4939b5689495e68a6,84,那是阶梯校长的画像！该死，他连在画布上都笑不出来。,approved
serialized_e51cff4e5157c119,exact,Map 1-1,*,4b21a8d743d043292d8791dc653f6c7041b9d4351398a92a10a2a0cf04f9df80,41,'<i>Guillemet 家族所有</i>',approved
serialized_59f02d61ce5719a4,exact,Map 1-1,*,f1eeabb6d7a0f621118cc473e3b2b47eb325eafc0600ce888bd6928f4b82c383,67,笼子锈得真厉害。韦兹古斯被困在这里多久了？,approved
serialized_3a67ad86fb9b450c,exact,Map 1-1,*,5560a78c4f4897a3d2756998467f0a3e31bb76f440b0dd59c50d5e9abe3a072d,72,灯亮着，但里面听不到人声。我不该待在这里。,approved
serialized_9f2f5c5a57cb3c5a,exact,Map 1-2,*,9dc347486dd1b37df78d9b93d1fcdd6fdd66e1af3813d06914e62150ba6aa296,104,这张垫子也是……上面的深色污渍臭气熏天，看起来清洁术施放得很仓促。,approved
serialized_bcd873fec2974fd8,exact,Map 1-2,*,93dac345023ffb515811090e47b7d17b5a8a85e2309f3dca2b385008ceb42ae1,57,既然我可以绕过去，这扇门摆在这里干什么？,approved
serialized_8e6467a46d84db9f,exact,Map 1-2,*,74887340568ea794ca34e0c3e7480839c924a29e0c68582d2e5b14dfe2c1e150,46,明明都是道具，为什么闻起来这么真实？,approved
serialized_16987cc2a38bc810,exact,Map 1-3A,*,40867c1ab8feb524a1bead3b8c71e78d455afaa048f3fdb8aa1ee958f661efa6,89,<i>谨以此纪念 P. 先生与 S. Guillemet 女士对国家的贡献</i>……,approved
serialized_187ebefd052ae042,exact,Map 1-3A,*,7c1e1f1ed64acba59423cf3589884e5237a5f84d3dbee0f7b251c6260eb3a8d1,102,我真羡慕你这只害羞的小猫。总有一天我会学会变形术，和你一起趴在那块石头上睡一整天。,approved
serialized_b678e640d50c4f30,exact,Map 1-3A,*,20ffed86230982cde4210b0bd285b5daa29ce142b94a796c79804a01fb79411b,139,这些骨头都做了标记，散得到处都是，我看不出原本属于多少人。也许和之前那扇门一样是假的。,approved
serialized_05730b344058b5ba,exact,Map 1-3A,*,94805aff869d5c7bace612524520adae5551fedb677df7f57b45195f5cf5e30c,29,这些罂粟花真漂亮！,approved
serialized_1494e531325224f3,exact,Map 1-3A,*,923f48e329f1a06fa743e5037067f9d65194ffe68362d8ace343f1fdb51d4a8c,38,他们和大战有关吗？,approved
serialized_9bc39e2047ae8b87,exact,Map 1-3B,*,8591fe284c846d3eb747b29030e8ef0bd849bd82b3eecafb3afc081ebd673330,33,"<i>她长眠于此, 我的金盏花</i>",approved
serialized_9345b7a38ac1499e,exact,Map 1-3B,*,10e7404e89c0400e309312cc36a43503ec0125975093803dbbc733ab0d474427,97,那些蘑菇看起来软软的，适合睡觉，但我可不想睡着时吸进孢子。,approved
serialized_b839b25447b1b012,exact,Map 1-4,*,473c1fb11913d6408313b1a80ab82c2b532d0bba9bd54d69c2de7eafc160878e,60,<i>唉，我受合同约束，不能只怪你。</i>,approved
serialized_4c873119744f07d6,exact,Map 1-4,*,7dffe0b2992203caab034e4b445f60b8488dd94f86788652ef22003d7f2857cb,63,<i>红黑墨田间，学者殒命，</i>,approved
serialized_5f120414c83dc7a6,exact,Map 1-4,*,dd49347213b1288350d0da2b58fe173a5e2d7271e13457466155a0a0ca121be7,76,<i>一人填剑，一人执笔——浮士德的交易便在其中</i>,approved
serialized_c9c92369cfc2ff0b,exact,Map 1-4,*,0fc030385a93da0a48f0d57ea61bf302644f273468c365823e6b3fe92fdf459b,69,<i>金库装满不义之财，时光却已借贷一空</i>,approved
serialized_44f07190d7482fb8,exact,Map 1-5A,*,d97e5094c4426e19ba160df422f8dda2517ad570dac716a8fc0994273c7e6874,137,<i>卡特·德斯雷恩——我见过最没创意的巫师。他还总是最受新生欢迎；我很差劲，所以我做不到。</i>,approved
serialized_73063c7a651a79a1,exact,Map 1-5A,*,2d850b06fb88381cc2d12ec836cbeb6a356a279a5ad1e0f28d2280576fbb3ea5,104,图书馆里的另一座雕像，<i>魔导师艾里斯顿——把太多时间花在几何和植物上。</i>,approved
serialized_abeb668cbffa76a8,exact,Map 1-5A,*,4e62e7e56878af124258e3ec117851f9c17cbfc44c7df0395fcc1178e7d0a317,58,如果前路被挡住，先点亮橙色，再点亮紫色。,approved
serialized_a496a2fe7110dbcd,exact,Map 1-5A,*,428428fa071cd58953a91d5d32527a70d3ef61f63cec6fac90ab91ba233f9004,47,牌子说得对，几何和生菜都糟透了。,approved
serialized_a81e4c2f69ad1604,exact,Map 1-5A,*,a525ee469be28e91d4417b9fc95a9d18333144f35c763d3aae7bc3ed2c716509,51,这是图书馆里的雕像之一……,approved
serialized_80bb62f614faee09,exact,Map 1-5A,*,3b0dc205d16a880181f73d9127c54e79b686880f31d418edd118524eeda10046,29,那是什么意思？,approved
serialized_2f427fee4760b754,exact,Map 1-5B,*,d97e5094c4426e19ba160df422f8dda2517ad570dac716a8fc0994273c7e6874,137,<i>卡特·德斯雷恩——我见过最没创意的巫师。他还总是最受新生欢迎；我很差劲，所以我做不到。</i>,approved
serialized_e1de5e0974e78d1a,exact,Map 1-5B,*,2d850b06fb88381cc2d12ec836cbeb6a356a279a5ad1e0f28d2280576fbb3ea5,104,图书馆里的另一座雕像，<i>魔导师艾里斯顿——把太多时间花在几何和植物上。</i>,approved
serialized_04806f8ae0eac835,exact,Map 1-5B,*,428428fa071cd58953a91d5d32527a70d3ef61f63cec6fac90ab91ba233f9004,47,牌子说得对，几何和生菜都糟透了。,approved
serialized_946045e414a6dea9,exact,Map 1-5B,*,be6cd97517eec6eb615a1f0539a4b7dd868df59b5314ad7179e2100531b2c6f3,72,这些不是课堂上学过的符文。大概不是什么重要东西。,approved
serialized_bb3ce620dcf9ea14,exact,Map 1-5B,*,a525ee469be28e91d4417b9fc95a9d18333144f35c763d3aae7bc3ed2c716509,51,这是图书馆里的雕像之一……,approved
serialized_b2e8b0a55e3073f7,exact,Map 1-6A,*,ab5e9283385b431c65eccd902e33c6a28944667a5bf06a59c43946dd212d7fd8,121,<i>哦，乔治……他们在学院里把你的名字糟蹋成什么样；那些系统学家脑中根本容不下综合思维。</i>,approved
serialized_91b3289a7cdffa64,exact,Map 1-6A,*,aba898f4188b1251d2aad0f00290257e7ed51f9bb7876444327e7788f5a7750d,35,被破坏的雕像上有张纸条……,approved
serialized_fe2c8cf304974e80,exact,Map 1-6A,*,336c753fa56ef0c9a9cc4355228abbfeb0e18604f72af8b52f6035174ad0ff0e,50,这一座比其他人描述的好看多了。,approved
serialized_1c7e4a7c7f0ab5dd,exact,Map 1-6B,*,0e694353a02c189ab673d2927a14c3d2df02cf36c9eafe28129645f8f96e3779,95,刚才有人在往池塘里撒花瓣玩吗？那人大概胳膊很短。,approved
serialized_5141fb97764389ad,exact,Map 1-7,*,829012ebc5e79fc66728404ac7c480c1a1b76472bcb6b740d559d96587b587bd,109,这些符号比之前的符文复杂多了。我现在没时间解读！,approved
serialized_8a605e2d41c32c46,exact,Map 1-7,*,bda0170a55da083296d93717b0c84d027ca7cae486eef91834a28d284a3cf0ff,74,这箱子可撑不住我和韦兹的重量！……笨猫头鹰……,approved
serialized_eb44bf1ce387038a,exact,Title Screen,Canvas/ExitButton/Text (TMP),d17d84a604994b722db37b35860b1ac7e8d9e43e725d0eb50702a9f7228a2999,4,退出,approved
serialized_efcc165ebb414b45,exact,Title Screen,Canvas/PlayButton/Text (TMP),436e61016e26fcb773b9725745cbbf0afe7f001ea26041a814a7712c2925c442,4,开始游戏,approved
serialized_029d9d415cface74,exact,Title Screen,Canvas/Version,dd167905de0defcaf72de673ee44c07431770d129ccffab286bd2edfdaf62396,7,版本,approved
serialized_47dd53aeb75499df,exact,Title Screen,Canvas/eula/Agree/Text (TMP),da288642c92f72d03736491651c8fcc459efba182bf95ad06d5977156fd83a63,5,同意,approved
serialized_0a02af593fbda9fe,exact,Title Screen,Canvas/eula/ExitButton/Text (TMP),d17d84a604994b722db37b35860b1ac7e8d9e43e725d0eb50702a9f7228a2999,4,退出,approved
serialized_84a9754bfc580015,exact,Title Screen,Canvas/eula/Image/Scroll View/Viewport/Text (TMP),acd7a1ede20fe522e4bf6a07d1617154e0f567abdec114984f2b6143d81ab750,11458,"在使用本产品前，请仔细阅读以下条款与条件。点击接受按钮并安装软件，即表示你同意受本协议约束并成为本协议的一方。如果你不同意本协议的全部条款，请点击表示不接受的按钮，不要安装本电子游戏。如适用，你可以将产品退回购买地点并获得全额退款。

本《最终用户许可协议》（以下简称“协议”）是你（“最终用户”或“你”）与 Half & Half Studios LLC（“公司”“我们”或“我们的”）之间，就使用 Erratum（“游戏”）达成的法律协议。安装、复制或以其他方式使用游戏，即表示你确认已阅读、理解并同意受本协议条款与条件约束。如果你不同意这些条款，请勿安装、访问或游玩游戏。

一、许可授予
公司授予你一项有限的、非独占、不可转让、可撤销的许可，允许你在自己拥有或控制的兼容设备上，以个人、非商业目的使用游戏及相关文档（“文档”）。在 Android 和 iOS 上的每次安装都需要单独购买。存档数据不会在平台之间转移。每台设备都需要使用不同账户。除本协议规定的其他限制外，你不得出租、租借、出借、分发、出售或再许可游戏或其中任何权利。你也不得将游戏安装在网络服务器上、以分时方式使用游戏，或以任何其他未经授权的方式使用。除此之外，游戏中可供人类阅读的代码（源代码）不授予你任何许可。除非下文另有规定，本协议不授予你对游戏和文档的专利、版权、商业秘密、商标或其他任何权利。

你同意，除本协议允许的范围外，你无权、无力或无授权对游戏进行任何修改。

二、所有权
游戏是许可使用而非出售。你同意公司拥有并持有游戏及任何文档以及其后续副本（无论形式或媒介）的全部权利、所有权和权益。游戏及任何文档中的所有权、所有权利和知识产权，包括对其进行的更正、增强或其他修改，均归公司所有。游戏及任何文档受版权法、其他知识产权法和国际条约保护。本协议未明确授予你的所有权利均由公司保留。

三、模组
a. 定义：模组是指最终用户修改游戏，以创建开发者原本未包含的新内容、功能或体验。
b. 指引与限制：模组的具体指引或限制将另行提供。（预留未来指引空间）
c. 模组收入：如果用户希望从模组中获利，必须向 halfandhalfstudiosofficial@gmail.com 提交书面请求。未经公司明确书面同意，公司保留关闭此类模组的权利。
d. 特权：制作模组是一项特权，而非权利。公司可自行决定移除、关闭或下架其认为不道德、贬损、诽谤、冒犯或不适当的任何模组。
e. 纳入模组的权利：公司保留将最终用户制作的任何模组纳入本游戏或其他电子游戏、产品当前或未来版本的权利，且无需向模组创作者支付任何版税。就许可使用其创作的模组而言，创作者不持有任何知识产权。

四、限制
你不得：
复制、修改或分发游戏或其任何组件；
对游戏进行逆向工程、反编译或反汇编；
未经公司事先书面同意，将游戏或其衍生物（无论由你还是他人制作）用于任何商业目的；
移除或更改游戏上的任何专有声明或标签；
利用游戏进行数据挖掘；
使用公司的任何知识产权训练人工智能机器；或
通过黑客或作弊获取无限货币或其他优势。

五、进出口限制
你负责遵守所有适用的法律、法规、规章和法律要求。你同意不违反美国或你进出口所在国家的任何适用法律或法规，进口或出口软件、任何文档（或其副本），或利用软件或文档的任何产品。如果你违反任何此类法律或法规，你同意使被许可方和许可方免于承担责任。

六、知识产权
a. 公司知识产权：游戏中的所有内容，包括但不限于画面、音乐和代码，均为公司或其许可方的知识产权。
b. 用户生成内容：公司保留自行决定关闭任何用户生成内容的权利。用户若要将公司的知识产权用于商业用途，必须取得公司的许可或同意。

七、期限与终止
公司保留在其自行判断认为必要的任何情况下终止你许可的权利。

如果许可未提前终止，本许可自你首次使用游戏之日起永久有效。你可以随时删除游戏和文档的所有实例，并销毁游戏、文档及其任何形式的副本和合并部分，以终止本许可。如果你未遵守本协议任何条款或条件、申请破产、资不抵债或进入接管程序，你对游戏的许可也会立即终止。终止后，你同意立即：（i）停止使用游戏和文档；（ii）删除和/或销毁游戏、文档及其所有副本；（iii）通过上述邮箱向公司书面证明所有游戏和文档副本均已删除或销毁。你同意，本协议提前终止时无权获得任何适用许可费的退款。

八、保证与免责声明
a. 一般免责声明：游戏按“现状”提供，不作任何明示或默示保证，包括但不限于适销性、特定用途适用性或不侵权的默示保证。
b. 责任限制：对于因你访问、使用或无法访问或使用游戏而产生的任何间接、附带、特殊、后果性或惩罚性损害，或利润、收入、数据、使用权、商誉或其他无形损失（无论直接或间接发生），公司不承担责任。
c. 非冒犯声明：公司无意通过其内容冒犯任何人。
d. 赔偿：对于因你违反本协议或使用游戏而产生的任何及所有索赔、责任、损害、损失、成本、费用或收费（包括合理律师费），你同意为 Half & Half Studios LLC 及其关联方、高管、董事、员工、代理人、志愿者、独立承包商、指定人员和许可方进行赔偿、抗辩并使其免受损害。在本协议中，“赔偿”指补偿任何损失或损害，包括但不限于偿还被赔偿方产生的任何费用。

九、争议解决
a. 仲裁：因本协议或游戏产生或与之相关的任何争议，应在公司选择的地点通过具有约束力的仲裁解决，仲裁律师由公司选择。最终用户须自行承担费用选择自己的律师。
b. 例外：公司保留直接向法院申请初步禁令以保护其知识产权的权利。在此情况下，适用新泽西州法律及适用的联邦法律；你同意接受新泽西州州法院或联邦法院的属人管辖，并放弃陪审团审判权。

十、救济限制
在任何情况下、依据任何法律理论，公司或其供应商、转售商均不对你或任何其他人承担任何性质的间接、特殊、附带或后果性损害责任，包括但不限于因使用或无法使用程序（无论是否因其中缺陷）而产生的商誉损失、利润损失、业务中断、停工、计算机故障或失灵，以及任何个人或商业损害或损失。即使公司已被告知可能发生此类损害，或此类损害可以合理预见，公司也不对任何损害负责，也不对任何其他方提出的索赔负责。在适用法律禁止此类限制的范围内，本责任限制不适用于因公司重大过失或故意不当行为导致的死亡或人身伤害责任。在任何情况下，公司的责任均不超过你为游戏支付的购买价。

十一、其他
a. 可分割性：如果本协议任何条款被认定无效或不可执行，其余条款仍完全有效。
b. 完整协议：本协议构成你与公司就使用游戏达成的完整协议，并取代此前所有协议。
c. 不可抗力：如果公司因其无法控制的原因（包括但不限于劳资纠纷、民众骚乱、战争、火灾、洪水、恶劣天气、政府法规或管制、公共卫生命令或隔离、意外事故、政府机关、罢工或天灾）未能或延迟履行义务，公司不承担责任，并可在延迟期间及其后合理时间内免除义务。
d. 歧义解释：在任何情况下，本协议的任何歧义均不得解释为不利于起草方。
e. 修订：公司保留随时修订或更新本协议的权利。用户将获通知此类变更，继续使用游戏即构成对修订条款的接受。
f. 弃权：公司未要求或延迟要求履行任何条款，不构成弃权。公司的所有弃权必须在每次个案中以书面形式作出并由指定代表签署；一次弃权不构成随后任何情况下的弃权。

十二、联系信息
如对本协议有任何问题或疑虑，请通过 halfandhalfstudiosofficial@gmail.com 联系我们。",approved
serialized_09ea6a290ca089c6,exact,Title Screen,Canvas/eula/Title,98e4a4ccc8b3ca907527613721ddfd4d5e6ed64f9b8d4e583719f2bee08b19a8,4,最终用户许可协议,approved
serialized_74cc410817fdfd1b,exact,Title Screen,Canvas/eula/description?,d2808ae3bf6a7b89fdb2b5e470644048b52692c87353f4a2fa664ae4418bd544,37,请阅读并接受以下内容：,approved
il_d563cde99780b715,prefix,*,*,8d8c6f914dd82c144271b8742b1f75e985cbb39acbf5784b86bd9d09828e3f11,7,……在 ,approved
collectible_12,prefix,*,*,03bf51c4fb494476f65ebdad41a557dbfb1580accba2bef89bebdd72b6ce9b4b,2139,"<i>一篇日记，满是遗迹中发现的符号和图形草图。</i>

不论是哪位建筑师或法师凿刻了这些石头，他对细节的关注都令人惊叹。探索时，我见到罕见的一幕：一座断裂的方尖碑，符文的一部分被削掉了。我原先以为这些符号只刻在石块的表层，但缺失的角落露出下方层层叠叠的符文矩阵。更奇怪的是，当某个符文亮起时，表面下方整列叠层铭文也随之亮起，说明它们属于同一铭文，而不是某种凿刻的交叉书写。这解释了我在转写这些符文时为何总是遇到麻烦：文字远比我最初以为的多。

作者制造每块石头时一定吃了不少苦。我独立测试发现，无论它们由何种物质构成，都比同等大小的钢铁更硬，比花岗岩更坚韧。即使使用现代工具，当今熟练法师也至少要花一天才能在表面凿出一道简单符文；然而这里的文字多得惊人，刻写它们仿佛只需羽毛笔！我看这些石头，就像蚂蚁看一只坏掉的怀表：机制复杂到凡人无法理解，由我们种族未知、比任何已知材料更坚硬耐候的物质制成，更糟的是还以同胞不可能复刻的方式层层叠加。

研究所竟如此忽视此类事，真让人费解。他们多么天真无知。如果每座方尖碑都有我在此发现的相同分层符文结构，那解读古代符文的兔子洞就比我预想的深得多。我也许还没挖到金子，但至少发现了通往金子的巨大洞穴系统。现在要做的，只是别迷路。",approved
collectible_10,prefix,*,*,75c3193324dd489a3e20f1bd2fafc85e9251e745893227a9814ed31f4f9b5509,1159,"<i>一篇日记，笔迹透出近乎狂热的兴奋。</i>

█████ ██ 日，19██——进一步记录

啊哈！我找到了错误的来源。我用这种确切方法在许多动物、数种材料和各种环境上进行测试。失败的根本原因一定是符文本身，也就是说，编码有误。也许是我把动物嵌入页边空间的方式有问题，也许是笔迹？等等，我想起来了，有一件事从未改变……或者说，是实体栏倒数第二个符文，那个带斜线的？我怀疑斜线不是独立符文，而是附加符号，会修改前后字符，但那就意味着……

就是这样！倒数第二个符文关系到生命状态，即‘持续感知’；斜线表示否定，也就是否定持续感知。‘持续感知’是误译！我本该译成‘意识’，这样斜线就意味着……啊啊啊，原来如此简单——我怎么会没注意到？！",approved
collectible_13,prefix,*,*,da6e3305100e8d2eb71ee74e804b98fc6c82876e4e033c49b5270164c86b5f69,1061,"<i>一篇散发恶臭的日记。</i>

我不在乎清洁工说什么，清理实验室本来就是他的工作。气味只是工作量中默认的一部分。哪个低贱又自以为是的穴居人，竟敢告诉我该如何处理实验？他清理园丁和验尸官留下的东西时没意见，偏偏轮到我就成了问题。废料多又怎样，这是科学的代价！不喜欢就去别处工作！

不过，行政部门最近到底怎么回事？先是我的实验助手说他们不愿再为野生动物购买更多网子；接着大学‘验尸官’对‘尸体带来的开销感到困惑’；最后校长不断告诉我‘桌上铺满脓血时，我看起来很可怕’！他们难道看不出来吗？我有事情要做……没有理由阻止我做现在正在做的事。不过我理解他们可能会担心，地穴最近确实溢出了。那天是满月。",approved
collectible_06,prefix,*,*,2d91fa226a087ad231d0b1746aa905676f6e3cc063a3da82d5623fdc277c1f52,1223,"<i>一篇日记，旁边画着一道由奥术符号组成、周围长满地衣的古老符文。</i>

█████ ██ 日，19██——苔藓与树木

我注意到地衣似乎从来不会遮住符文。它们覆盖石头的其他部分，却从不覆盖朝前的一面。即使是那些被破坏、符文缺角、中心空洞的石头，真菌也不在那里生长。符文的神圣几何结构必定阻止了它们。但这意味着符文承载的力量仍在其中，只是经过数千年的遗弃后被部分沥干。现在我得想办法驾驭它。

符文似乎依赖材质；把它们抄在羊皮纸上还不够，必须赋予与原材料相同的本质。但究竟是什么危险之物，需要用石头把它封起来？金属不行吗？水晶为何被采用，一定有其道理。它们的结构无可挑剔，其中被增强的东西一定极其活跃，因为容器如此坚固。我必须继续深入。

这已经危险地接近真正的学术材料了。呸！既然要困在这里，不如好好利用，至少别做作业。",approved
collectible_04,prefix,*,*,e6ac730e7c94fd1d1ca004958e0dc03c75f82f213e2e49a4b3d09b1445b20759,1009,"<i>一篇日记，旁边画着一朵小而美丽的枯萎花朵。</i>

█████ ██ 日，19██——常年泥土芬芳

气味是件古怪的东西，能把你卷入从没想过自己记得的回忆。谁能想到，等待下雨竟比雨本身更令人悲伤；但事实就是如此。

她曾经很喜欢下雨。水洼、溪流、青蛙，以及降水让其他一切焕发生机的地方，都是她最喜欢优雅漫步的环境。她也喜欢闪电——它和她一样充满活力、变化无常，只是那是好的一面。尽管闪电优美，却拥有强大的力量，而力量总是有人追求。

学院知道她很有天赋，也知道她很投入。祖国召唤时，他们知道她会回应。

生命的闪电击中了她，却像释放的能量一样，连同目标一起消失，远去……落地。我再也不喜欢雷声轰鸣。关于雨的记忆……令人不快。",approved
collectible_03,prefix,*,*,0ce9152abef65948d9ae5c6ee4b6d4649717c9ad3164f17be693bae98038c9d9,1720,"<i>一篇书写极其工整的日记。纸页上画着精细的餐具套装和一名穿军官制服的年轻人。</i>

19██ 年 5 月 ██ 日——餐具套装

餐具套装真是充满感情的东西。难清洗，难收纳，还经常损坏。就为了享有稍微精致一点的盘子？我以前总觉得这有点奇怪。

不过以前是这样。后来我渐渐明白，事情不止于此。母亲喜欢烘焙，她的母亲、她的母亲的母亲也一样。一代又一代的蛋糕饕客，用相似却各不相同的简陋厨具辛勤劳作。

但最后，她会得到一张派、一块蛋糕，或其他温热而高热量的食物；这就是餐具套装派上用场的时候。周日派不能用普通厨具盛放，它必须是特殊的、跨世代的，甚至跨越家族的。坐下来，用几百年前祖先用过的同一套餐具进食，她就能点燃家族心中的火焰。

比阿特丽斯和阿诺德被征召时，我知道我们要过一阵子才能再次吃到周日派。我当时正在接受教育，因此免于征召，虽然那同样是为战争服务。我的家离学院很远，却不幸地靠近边境。

外国大法师来盘问我们时，说他们无视母亲的感受都算客气了。他们知道我藏着东西，知道我掌握国家机密。等我赶到时，母亲已经死了。餐具套装碎成了千万片。父亲、比阿特丽斯和阿诺德也不会回来了。我对此确信无疑。",approved
collectible_05,prefix,*,*,6339e87cd28c618cc1cf9d6242272b9f4541a21a609cf763fc8f15f5523e5e29,1238,"<i>一篇书写极其工整的日记。纸页上画着精细的餐具套装和一名穿军官制服的年轻人。</i>

19██ 年 5 月 ██ 日——储藏难题

学院那种恶毒地追逐将我的研究变现的做法，真叫我厌恶。上周他们问我能不能把东西储存在以太里，我回答说可以，但不实用。三天前，我看见学徒试图通过边缘囚禁，把一只小动物塞进我的工作簿。现在校长竟厚颜无耻地问我，把活体材料囚在页边空间里是否具备可扩展性。

我知道校长最大的连任承诺是‘永久解决储存问题’，而巧合的是，ARCHMAGE 的预算困境随着校长羽笔一挥就消失了。所有人突然都对我的研究感兴趣起来——两年前他们还在嘲笑它。把我当傻子吗？如果校长以为能贿赂学校官员，让魔法解决他的政治难题，那他显然既不尊重 ARCHMAGE 的创校原则，也不尊重这里工作的研究者。

好吧，奥德斯坦校长，我给你一个解决方案！等着瞧吧！！！！",approved
collectible_09,prefix,*,*,b80ed8431487174c1f778aff4f1322e32742920c537dc7fbfed4a1b25001b0e4,539,"<i>一块长方形的长满苔藓的石头。上面似乎刻着铭文。你靠近后，字母发光并显现出文字；以下是你能抄下的内容：</i>

符文比握凿之手活得更久
见证那不再文明的时光
毁灭过后只剩废墟伫立
一片永远蒙羞之地的骨骸
出口只向寻觅之人显现
其余的人困在往昔回忆中哭泣
过去的卑劣无法挽回
眼见屠戮，实难说谁赢了",approved
collectible_01,prefix,*,*,112fe8751393955d84348d0e446ae229ca663804679e63a6240435be0c6ac744,338,"<i>一张边缘起皱的纸质宣传册，上面画着学生和教授们在城堡前合影。上面写着：</i>

A.R.C.H.M.A.G.E：无出其右，也无处不在。
施法、治愈、魔法、炼金、符文与以太研究学院，始建于 597 年

冠军之家！（还记得我们在 1869 年赢过的那次吗！）",approved
collectible_07,prefix,*,*,9c043d605a94bc0f73e2606c1d73dfee81c3fd3e42229b2c8c0b6d5ed39d80c8,878,"<i>一系列观察古代符文的笔记，第一页忠实重现了一组符文。涂鸦看起来近乎疯狂。</i>

《魔法书解码》第 7 号

写下这些东西的人真是自负。他们以为除了自己没人需要解析这种废话。我是说，甚至一条注释都没有！这怎么能接受？我的学生都有比这更好的笔迹，可这些符文蕴含的力量远超他们最疯狂的想象。我们的先祖何其不负责任。

这是一道把某物困进另一物的法术，但如何做到、为什么要做，我还不确定。可用信息太少了，而且那还建立在我的翻译正确的前提上——这不太可能。我必须继续挖掘。这也许就是我需要的突破。

从本质上不同的语言里解出语法……到底是什么变态才会喜欢这个？！",approved
collectible_08,prefix,*,*,743d3c6982bd7fcf9fc5445ead97c6260716c07b23ee0e2c254cef8eba958229,2126,"<i>一组从更大合集中撕下的纸页。上面有两种熟悉生物的详细素描和观察记录，一种是狼，另一种是蝙蝠。研究这些纸页让你很愉快，你心想，四处探查果然不错。简直像是自己的索引。要是叫‘探查索引’就好了。</i>

█████ ██ 日，19██——怪物图鉴增补

魔法森林里的生物确实奇妙，它们拥有我在别处从未见过的特性。也许这里的神秘魔法赋予了环境独特的进化生态位，但这纯属推测。

巨型‘首字下沉’狼——除了‘巨狼’，我不知道还能怎么称呼它；它几乎具备以其命名的顶级掠食者的全部特征，简直像段落开头的装饰首字母。它体型庞大、凶猛、肌肉发达，胃口或许也一样大。事实上，这只标本身上每一种经典狼的特质都被放大了约 2.7 倍。除此之外，唯一特别之处是它的唾液在月光下会轻微发出生物荧光，也许是它吞食巨型动物的结果。

叮蝙——你见过蝙蝠以那种速度在墙壁间来回弹射，撞击时还发出可听见的回响吗？我没有，但这片森林里被诅咒的动物似乎没有极限。我把它们称为‘叮蝙’，它们喜欢栖息在大教堂等废弃建筑的阁楼和天花板上。我遇到的每一栋有屋顶的建筑里似乎至少有一个群落，几乎不可能探索这些地方。它们弹射的速度和力量如此惊人，任何接触都足以造成轻微脑震荡。我很惊讶蝙蝠自己能活那么久。也许它们并没有看上去那么陌生；每当听到同事们认定能‘一劳永逸拯救学院’的方案时，我有时也想把头撞向最近的墙。",approved
collectible_11,prefix,*,*,1db982cde334d9d5faf605d1141d1e884c19d51a1c8c9fadd0694144eaefa79c,2358,"<i>一个被遗弃的背包，和学院里常见的款式很像。它破旧而且有些年头了。你猜主人已经不需要它，于是打开了背包。里面有一些常见物品，还有一封道歉信。背面潦草地写着一份遗嘱。你决定两份都读。</i>

信（以后把我撕下来交给<s>老巫婆</s>魔法几何老师）

亲爱的<s>加戈伊尔</s>加多伊尔老师：

很抱歉，我对你的<s>蠢</s>猫施放了飞行动物，却没同时施放羽落术，导致它现在残疾。我再也不会对猫施放飞行动物而不施放羽落术了<s>（不过那只蠢猫已经完全恢复了）</s>。我<s>不</s>感到抱歉。请接受我这封<s>不诚恳的</s>道歉信。

另外，能否让我重做语言学作业？<s>那个糟糕的图书管理员</s>图书馆里的一条母狗在我交作业前把它吃了。真希望我能做点什么，但我们还没学会施放强制反刍术。如果这份作业不及格，我就不能和朋友们放学后<s>对博加特老头的店施放青蛙雨</s>探索校园、了解学校历史了。谢谢你的帮助，祝你今天愉快。

<s>求求你让我重做吧求求你求求你求求你求求你求求你求求你求求你求求你</s>

此致
（信的其余部分被撕掉了）

我的遗嘱：

我，█████，现神志清醒、身体健全，声明以下为我的最终遗嘱。若发生某一事件或一系列事件，导致我死亡、失去肉身、变成巫妖、获得拒绝人性的能力、又一次迟到高级巫师文学课、不得不吃两份羽衣甘蓝，或以其他方式完全失去行动能力，我的财物分配如下：

我所有的土地、物质财产、头衔和‘财产’，全部交给我的宠物鸭布塞法洛斯，绝不留给我那臭烘烘的姐姐。

所有债务、作业和强加的惩罚，由苏茜·疣字（E6 班）和加多伊尔老师平分。所有利息和惩罚事先加倍。

我把我用纸和墨水创作的精彩画作及其相关版权（申请中）托付给我的父母。

就这些。

签名：█████",approved
collectible_15,prefix,*,*,660ea8840bf2625816ad5c275a7b8b062eb6cd99953e987127b8276681462ba0,2498,"<i>和其他几份笔记一样，这里的语气不同。似乎出自另一个人，一个资历稍浅、并非自愿来到这里的人。纸页上有一只蝙蝠状生物的精细素描，观察起来令人不安。</i>

记录 96B——内部探索 2

好消息是我还活着，所以阿斯特多年前尝试的方法应该奏效了，记录也依旧准确。坏消息是，我现在得找到他，不管他在哪里。

我正藏在页边空间的动物群落里，处境非常危险，只能蜷在某座随机建筑的角落写下这些。我们曾推测生命可以在页边空间中存在并成长，但看到这片空间里竟生长出如此多东西，我还是有些震撼。唯一的问题是它们极具敌意，比预想的更甚。这也是我蜷缩在这里的部分原因，另一部分则是我自己的愚蠢。它们对光的反应就像鲨鱼对血的反应——知道那是活物，便想攻击。我说‘它们’，而不指明某种动物，是因为我注意到它们似乎都以同样诡异的方式行动。仿佛某种邪恶之物感染了它们的本质，扭曲了它们的天性。外表当然也说明了这一点。

狼流着在月光下微微发光的黑色唾液。蝙蝠像是浑身涂了油一样‘滴着’东西。鱼比正常情况还要滑。即便温度并不支持，树叶也可疑地呈现异色。这里的气候要么太过陌生，要么同样被这种奇怪物质感染。不要碰黑色的东西。

记录 97A——内部探索 3

仔细观察后，我得出了一些惊人的结论。我觉得……我觉得它们是在装。

这些生物不知道活物应该如何行动，它们只知道活物看起来是什么样。我见过被感染的猎物和捕食者，却从未见过被感染的捕食者攻击被感染的猎物，反过来也没有。

它们呼吸的方式也很奇怪。胸腔上下起伏，像在吸气和呼气，但它们始终看起来一样。无论移动快慢，呼吸频率都相同，几乎像循环播放的翻页书。恕我直言，我不认为它们真的呼吸，只是在模仿动作，却没有真正执行。真是诡异。",approved
collectible_14,prefix,*,*,89d67dbaafcb7b188560e6fec997f1e827d22bc15ec8ad5d6080d5b8a9893899,2544,"<i>几页像是从某物上撕下来的笔记。主要部分重现了一系列符文，并配有一个被拆成数块的大型构装体草图。纸页上还有一张较小的便签，或许是补充说明。</i>

古代技术笔记——第 27 号
我以前推测过，复杂符文也许能利用多层阵列来编码并行法术，但这更有意思。这不只是编码，而是完整的计算！每个符文都像某种闸门，魔力沿着它们流动；理论上可以追踪每个符文的开关状态，但那需要太多卷轴。显然，这不只是一块仪式方尖碑，而是一整套机关——可它是做什么的？我挖掘周边区域时发现了类似肘部和手指的部件，奇怪的是它们能拼在一起。不过整体设计太简陋，似乎做不了什么有价值的事，只能把方块放到另一个方块上。也许是某种建筑工程。考虑到它维护不善，可能在这里建成时使用过，后来被一支管理糟糕的清理队当成遗留物。要不是我对没完没了的施工太熟悉——大厅里的支架简直像梅林亲手搭的，尽管校长显然不承认——我也不会觉得眼熟。

它们也许属于同一台机器，但我不会这么快下结论。有趣的是，主体并不完全光滑。我费了很大力气转动这个山丘大小的巨物（我从没想过能借此理解法师之手串联的极限），发现了惊人的东西：两处手掌大小的左右手凹槽，我猜它们分别对应左、右。每处凹槽下方都有一道独立铭文，使用的语言无疑和我之前见过的相同，语法也一样。两处上方还有一道大得多的铭文。

我还不知道它们是什么意思，但迟早会弄清楚。否则，我手下的研究生（不是那些在做动物实验的）接下来几周就要多很多作业了。我们可以从许多角度着手。

古代技术笔记——第 32 号
它能自己移动……\\\

\\\……自行……\\\\
问题是，我能控制它吗？……",approved
collectible_00,prefix,*,*,348d6d0c270f02dd074239985f864d9783a01b5dff920594012b0d011c9bcfcf,692,"<i>这张卡片又旧又破，是逝去时代的遗物。你几乎辨认不出上面的花体字，但不全是因为墨水褪色，而是因为你从未正式学过花体字。你能读出的内容如下。</i>

|               姓名              |        借出日期       |    归还日期   |
| ███████                | ███, ███                | █████53              |
| John Dee                    |  ██ 13th, 1542      | May ██, 1545       |
| M███n le Fay        |  Mar. ██, 1147       | Dec. 23rd, 1148   |
| Myrddin Morfryn | Aug. 9th, 1107        | ███, 1109              | 
| ████ the Great    | ███ 867                   | ███████              | ",approved
collectible_02,prefix,*,*,18cee5ba1f53b6aefb53416b3566317abf47b848243280285255555da80b21fb,1048,"<i>花体字不知为何既优雅又潦草，笔迹却无可挑剔。不过，岁月损坏了部分文字。</i>

星期五 13 日，████

难以置信！简直难以置信！

我原以为这所机构致力于魔法研究，显然并非如此！‘太危险了’，谁说的？行政部门那群蠢货懂什么魔法？自从 ████████ 以来他们就把自己关了起来，那是多少年前来着？

还有什么 ████████████ 会真正伤害到谁？除了……好吧，意外总会发生。

这根本不是重点。这太疯狂了！显然校长已经自负到头顶了……不管塔楼里那些蝾螈同不同意，实验都要继续。

星期六 14 日，████

我的酸面团发得好极了。它一定能烤出漂亮的面包，下次也许该试试佛卡夏。要是我能想起正确的含水率就好了。也许是 90%，除非明天要下雨，那就该算 85%，毕竟有雨。",approved
collectible_16,prefix,*,*,40176bc7459c4abfefd20e743dd4f4f406149597e5f29733e49f8a81dda09655,2021,"<i>这篇日记看起来……不一样，而且你说不清原因。结构和细节都与一路拾到的其他条目相同，但笔迹更潦草，诡异地像孩子写的。连纸页本身似乎都来自另一本日记。它散发着压抑情绪的气息，你不知道那是谁的。</i>

██████ ██ 日，████——他为什么就不能听！

他就是个只顾自己的自恋狂！他在乎的只有工作、实验，除此之外<b>什么都没有</b>！他就像完全看不见身边的人！！！总是对我说‘去那里，做这个’，完全不管别人的感受。你觉得我懒，那<b>你</b>今天做了什么<b>有价值的事</b>？你以为人们在你不停冲他们大喊时<b>会做什么</b>？每当你又冲我吼出一个命令，我第一个念头就是：‘你<b>到底什么时候</b>才闭嘴？’你对自己和别人都要求过高，一不合心意就暴力发作。好吧，完美先生，你到底想让我<b>成为什么</b>？成为你的复制品？你明知道那不可能！承认吧！你以为我丢脸，不想让别人知道我的存在，所以把我藏起来，结果现在我和你一起困在这里。如果你想让什么<b>有意义的事</b>发生，就别再把我藏在身后，面对镜子看看自己。可你就是<b>不明白</b>，阿斯特，对<b>吧</b>？无论多努力，你都不能彻底把我<b>摆脱</b>。你当然还是希望自己能做到。随便对我发多大火，都不会让<b>她</b>回来——对，我就是要说这个！你只会沉溺于研究，用它来逃避你年轻时的<b>记忆</b>。你不能同时存在于<b>这里</b>和<b>那里</b>，所以别再<b>幼稚</b>了，长大吧！你随时可以回到<b>过去</b>，但那里已经空无一人；总有一天你必须面对这个事实，面对你<b>自己</b>。",approved
il_3ff04d21d03bfe36,prefix,*,*,2f7f07682d78348998ebeefe74bf65fe1c4f640d1a920f286f8d9dad1b123e0c,6,代码： ,approved
il_ef7a73848375838c,prefix,*,*,0b2c1efb499a30529fad12e8858085b2184077429de64cc99d5ccc3c19b8941b,44,在以下步数内收集全部笔记并完成关卡：,approved
il_e6353ed7a84d5092,prefix,*,*,21fd9d9593001bb274a77ad2a5df08be9185c1b7259ea708c571bd5540ab9a77,12,收藏品 ,approved
il_9d521c79e4c3e62f,prefix,*,*,92b2c95e99f02710d5cdec888a2c838958eeba898d334bbb06cfbd1db3353285,8,版本 ,approved
il_379d1cfdad144979,suffix,*,*,c4ea2b0e6a7c08b145472d9ab461141529f6ee55e26a37a9351a84610c15b6fb,6,步,approved
